variavel,coeficiente_log,erro_padrao_hc3,limite_inferior_log_95,limite_superior_log_95,associacao_percentual_aproximada,limite_inferior_percentual_95,limite_superior_percentual_95,rotulo,cenario_modelo,anuncios_modelo,r_quadrado,referencias_categoricas,interpretacao
intercepto,6.496526743880815,0.1188970941478918,6.263488439350947,6.729565048410683,66183.54331271577,52404.73449333191,83578.32265958114,intercepto,corte_7_datas,991,0.5253643402439008,quartos_faixa=2; capacidade_faixa=5–6; banheiros_faixa=2; tipo_agrupado=apartamento; bairro_modelo=meiapraia,associacao_condicional_nao_causal
reviews_log2,-0.02983122235099827,0.012360546317596591,-0.05405789313348759,-0.005604551568508951,-2.9390663113072932,-5.262274172393069,-0.558887536906245,Dobro em (reviews + 1),corte_7_datas,991,0.5253643402439008,quartos_faixa=2; capacidade_faixa=5–6; banheiros_faixa=2; tipo_agrupado=apartamento; bairro_modelo=meiapraia,associacao_condicional_nao_causal
avaliacao_centrada,0.3900872119128148,0.09630190344938293,0.20133548115202426,0.5788389426736054,47.71096098199284,22.303500819971028,78.39659411172836,+1 ponto na avaliação (entre avaliados),corte_7_datas,991,0.5253643402439008,quartos_faixa=2; capacidade_faixa=5–6; banheiros_faixa=2; tipo_agrupado=apartamento; bairro_modelo=meiapraia,associacao_condicional_nao_causal
possui_avaliacao,-0.2337670590975357,0.0956314844944285,-0.42120476870661555,-0.04632934948845585,-20.845382209695305,-34.374429298257716,-4.527252859945356,Possui avaliação,corte_7_datas,991,0.5253643402439008,quartos_faixa=2; capacidade_faixa=5–6; banheiros_faixa=2; tipo_agrupado=apartamento; bairro_modelo=meiapraia,associacao_condicional_nao_causal
taxa_limpeza_100,-0.0007333027412322959,0.016846710073285656,-0.03375285448487218,0.03228624900240759,-0.07330339404852695,-3.3189582028108378,3.2813104716480272,+R$ 100 na taxa de limpeza,corte_7_datas,991,0.5253643402439008,quartos_faixa=2; capacidade_faixa=5–6; banheiros_faixa=2; tipo_agrupado=apartamento; bairro_modelo=meiapraia,associacao_condicional_nao_causal
is_superhost,-0.05566990703072422,0.029155567599116822,-0.1128148195249932,0.0014750054635447526,-5.414869676938361,-10.668393050567062,0.1476093819147869,Superhost,corte_7_datas,991,0.5253643402439008,quartos_faixa=2; capacidade_faixa=5–6; banheiros_faixa=2; tipo_agrupado=apartamento; bairro_modelo=meiapraia,associacao_condicional_nao_causal
is_professional,0.15692044873086688,0.04099762072606515,0.07656511210777919,0.23727578535395458,16.990254296695213,7.9572481288501775,26.779070767623743,Anfitrião profissional,corte_7_datas,991,0.5253643402439008,quartos_faixa=2; capacidade_faixa=5–6; banheiros_faixa=2; tipo_agrupado=apartamento; bairro_modelo=meiapraia,associacao_condicional_nao_causal
can_instant_book,0.03883142311779437,0.0332424086332935,-0.026323697803460895,0.10398654403904964,3.9595217157169174,-2.598024947955334,10.958552427564399,Reserva instantânea,corte_7_datas,991,0.5253643402439008,quartos_faixa=2; capacidade_faixa=5–6; banheiros_faixa=2; tipo_agrupado=apartamento; bairro_modelo=meiapraia,associacao_condicional_nao_causal
is_guest_favorite,-0.1069111843420597,0.030876865784544277,-0.16742984127976648,-0.04639252740435292,-10.139452031688208,-15.416404202447447,-4.533284438601341,Preferido dos hóspedes,corte_7_datas,991,0.5253643402439008,quartos_faixa=2; capacidade_faixa=5–6; banheiros_faixa=2; tipo_agrupado=apartamento; bairro_modelo=meiapraia,associacao_condicional_nao_causal
comodidade_piscina,0.19331822930522463,0.04942934910678877,0.09643670505591864,0.29019975355453065,21.32688297885891,10.123987602145366,33.66944708310721,Com piscina,corte_7_datas,991,0.5253643402439008,quartos_faixa=2; capacidade_faixa=5–6; banheiros_faixa=2; tipo_agrupado=apartamento; bairro_modelo=meiapraia,associacao_condicional_nao_causal
comodidade_elevador,0.007948084689700229,0.02940653867287628,-0.049688731109137275,0.06558490048853774,0.7979754564162602,-4.847444128507246,6.778338879662729,Com elevador,corte_7_datas,991,0.5253643402439008,quartos_faixa=2; capacidade_faixa=5–6; banheiros_faixa=2; tipo_agrupado=apartamento; bairro_modelo=meiapraia,associacao_condicional_nao_causal
comodidade_churrasqueira,0.03642341116593902,0.03250839709234713,-0.02729304713506136,0.1001398694669394,3.7094871088963504,-2.69239574084656,10.532550855382764,Com churrasqueira,corte_7_datas,991,0.5253643402439008,quartos_faixa=2; capacidade_faixa=5–6; banheiros_faixa=2; tipo_agrupado=apartamento; bairro_modelo=meiapraia,associacao_condicional_nao_causal
comodidade_vista_praia,0.143318944227177,0.02636676429556771,0.09164008620786429,0.19499780224648972,15.409783581403744,9.597029626203827,21.530831553867916,Com menção a vista para praia/mar,corte_7_datas,991,0.5253643402439008,quartos_faixa=2; capacidade_faixa=5–6; banheiros_faixa=2; tipo_agrupado=apartamento; bairro_modelo=meiapraia,associacao_condicional_nao_causal
comodidade_estacionamento,0.03274963928707936,0.04252812400021411,-0.050605483753340286,0.116104762327499,3.329181118048382,-4.934635513132347,12.311352595732778,Com estacionamento,corte_7_datas,991,0.5253643402439008,quartos_faixa=2; capacidade_faixa=5–6; banheiros_faixa=2; tipo_agrupado=apartamento; bairro_modelo=meiapraia,associacao_condicional_nao_causal
quartos_faixa_0 (studio),-0.029124352119865842,0.12727411605895986,-0.27858161959542715,0.2203329153556955,-2.870432571961067,-24.314350909174447,24.649163772601494,quartos faixa 0 (studio),corte_7_datas,991,0.5253643402439008,quartos_faixa=2; capacidade_faixa=5–6; banheiros_faixa=2; tipo_agrupado=apartamento; bairro_modelo=meiapraia,associacao_condicional_nao_causal
quartos_faixa_1,-0.054911111938037986,0.07796584204608507,-0.20772416234836474,0.09790193847228876,-5.343071707679691,-18.75688951046127,10.285463219569795,quartos faixa 1,corte_7_datas,991,0.5253643402439008,quartos_faixa=2; capacidade_faixa=5–6; banheiros_faixa=2; tipo_agrupado=apartamento; bairro_modelo=meiapraia,associacao_condicional_nao_causal
quartos_faixa_3,0.22922833215082636,0.03773192431980236,0.15527376048401376,0.30318290381763896,25.762916340054804,16.797766347266048,35.416212321476856,quartos faixa 3,corte_7_datas,991,0.5253643402439008,quartos_faixa=2; capacidade_faixa=5–6; banheiros_faixa=2; tipo_agrupado=apartamento; bairro_modelo=meiapraia,associacao_condicional_nao_causal
quartos_faixa_4+,0.5719229958161298,0.06626446705922102,0.44204464038005664,0.701801351252203,77.16706931209403,55.588519419026824,101.73834525735512,quartos faixa 4+,corte_7_datas,991,0.5253643402439008,quartos_faixa=2; capacidade_faixa=5–6; banheiros_faixa=2; tipo_agrupado=apartamento; bairro_modelo=meiapraia,associacao_condicional_nao_causal
capacidade_faixa_1–2,-0.27772674886691046,0.09678003516704324,-0.4674156177943152,-0.08803787993950571,-24.249621799629413,-37.33803979725466,-8.427381158628664,capacidade faixa 1–2,corte_7_datas,991,0.5253643402439008,quartos_faixa=2; capacidade_faixa=5–6; banheiros_faixa=2; tipo_agrupado=apartamento; bairro_modelo=meiapraia,associacao_condicional_nao_causal
capacidade_faixa_3–4,-0.028659219522975107,0.06897155469068277,-0.16384346671671335,0.10652502767076312,-2.8252439354891807,-15.11251113456801,11.24057670225827,capacidade faixa 3–4,corte_7_datas,991,0.5253643402439008,quartos_faixa=2; capacidade_faixa=5–6; banheiros_faixa=2; tipo_agrupado=apartamento; bairro_modelo=meiapraia,associacao_condicional_nao_causal
capacidade_faixa_7+,0.005321418058219373,0.034511279443754136,-0.06232068965153873,0.07296352576797747,0.5335601951609055,-6.041847559988052,7.569130118505725,capacidade faixa 7+,corte_7_datas,991,0.5253643402439008,quartos_faixa=2; capacidade_faixa=5–6; banheiros_faixa=2; tipo_agrupado=apartamento; bairro_modelo=meiapraia,associacao_condicional_nao_causal
banheiros_faixa_3,0.1758341894681767,0.03551899716712387,0.10621695502061392,0.2454514239157395,19.224035625302104,11.206311801299906,27.819819221962117,banheiros faixa 3,corte_7_datas,991,0.5253643402439008,quartos_faixa=2; capacidade_faixa=5–6; banheiros_faixa=2; tipo_agrupado=apartamento; bairro_modelo=meiapraia,associacao_condicional_nao_causal
banheiros_faixa_4+,0.35162213987610985,0.06042774422470436,0.23318376119568932,0.4700605185565304,42.137134268368236,26.261347737278484,60.009102548643575,banheiros faixa 4+,corte_7_datas,991,0.5253643402439008,quartos_faixa=2; capacidade_faixa=5–6; banheiros_faixa=2; tipo_agrupado=apartamento; bairro_modelo=meiapraia,associacao_condicional_nao_causal
banheiros_faixa_até 1,-0.1559195526873371,0.042827086118396564,-0.23986064147939434,-0.07197846389527983,-14.437197942272666,-21.32625079996362,-6.944906396218328,banheiros faixa até 1,corte_7_datas,991,0.5253643402439008,quartos_faixa=2; capacidade_faixa=5–6; banheiros_faixa=2; tipo_agrupado=apartamento; bairro_modelo=meiapraia,associacao_condicional_nao_causal
tipo_agrupado_casa,0.0291119780843752,0.06106237849513913,-0.09057028376609749,0.1487942399348479,2.95398739234943,-8.658986625932611,16.043419362734536,tipo agrupado casa,corte_7_datas,991,0.5253643402439008,quartos_faixa=2; capacidade_faixa=5–6; banheiros_faixa=2; tipo_agrupado=apartamento; bairro_modelo=meiapraia,associacao_condicional_nao_causal
tipo_agrupado_outros,-0.47821115868922837,0.11507707901800591,-0.70376223356452,-0.2526600838139368,-38.01087122706138,-50.52794560755351,-22.326813931246956,tipo agrupado outros,corte_7_datas,991,0.5253643402439008,quartos_faixa=2; capacidade_faixa=5–6; banheiros_faixa=2; tipo_agrupado=apartamento; bairro_modelo=meiapraia,associacao_condicional_nao_causal
bairro_modelo_centro,-0.038274007704770546,0.03767430907386382,-0.11211565348954364,0.035567638080002545,-3.7550813735036868,-10.605913585881249,3.6207732859374135,bairro modelo centro,corte_7_datas,991,0.5253643402439008,quartos_faixa=2; capacidade_faixa=5–6; banheiros_faixa=2; tipo_agrupado=apartamento; bairro_modelo=meiapraia,associacao_condicional_nao_causal
bairro_modelo_morretes,-0.07318032410098169,0.05814696124246076,-0.18714836813620478,0.04078771993424139,-7.056678429524845,-17.067931750698623,4.163096458474288,bairro modelo morretes,corte_7_datas,991,0.5253643402439008,quartos_faixa=2; capacidade_faixa=5–6; banheiros_faixa=2; tipo_agrupado=apartamento; bairro_modelo=meiapraia,associacao_condicional_nao_causal
bairro_modelo_outros_bairros,-0.040562933814391106,0.05392785001796112,-0.1462615198495949,0.06513565222081269,-3.975126950561289,-13.606826165948648,6.7303796694931375,bairro modelo outros bairros,corte_7_datas,991,0.5253643402439008,quartos_faixa=2; capacidade_faixa=5–6; banheiros_faixa=2; tipo_agrupado=apartamento; bairro_modelo=meiapraia,associacao_condicional_nao_causal
intercepto,6.448115326100191,0.12160915455066706,6.209761383180884,6.686469269019498,63051.09782869656,49658.250556528146,80048.74141201856,intercepto,corte_14_datas,959,0.552465714504489,quartos_faixa=2; capacidade_faixa=5–6; banheiros_faixa=2; tipo_agrupado=apartamento; bairro_modelo=meiapraia,associacao_condicional_nao_causal
reviews_log2,-0.0335863139578417,0.010595016166629329,-0.05435254564443519,-0.012820082271248218,-3.3028555503211807,-5.290184769024015,-1.2738255066945703,Dobro em (reviews + 1),corte_14_datas,959,0.552465714504489,quartos_faixa=2; capacidade_faixa=5–6; banheiros_faixa=2; tipo_agrupado=apartamento; bairro_modelo=meiapraia,associacao_condicional_nao_causal
avaliacao_centrada,0.3822230819023249,0.09648834903074538,0.19310591780206396,0.5713402460025858,46.55389838934638,21.301126620242226,77.06385531237676,+1 ponto na avaliação (entre avaliados),corte_14_datas,959,0.552465714504489,quartos_faixa=2; capacidade_faixa=5–6; banheiros_faixa=2; tipo_agrupado=apartamento; bairro_modelo=meiapraia,associacao_condicional_nao_causal
possui_avaliacao,-0.2232660310383931,0.09547116907280251,-0.410389522421086,-0.03614253965570019,-20.00979777790785,-33.6608206175336,-3.5497196213084816,Possui avaliação,corte_14_datas,959,0.552465714504489,quartos_faixa=2; capacidade_faixa=5–6; banheiros_faixa=2; tipo_agrupado=apartamento; bairro_modelo=meiapraia,associacao_condicional_nao_causal
taxa_limpeza_100,0.008329021254121459,0.01668777563284237,-0.024379018986249584,0.0410370614944925,0.8363804053474739,-2.4084250946598593,4.1890718857080325,+R$ 100 na taxa de limpeza,corte_14_datas,959,0.552465714504489,quartos_faixa=2; capacidade_faixa=5–6; banheiros_faixa=2; tipo_agrupado=apartamento; bairro_modelo=meiapraia,associacao_condicional_nao_causal
is_superhost,-0.0531946373126893,0.027162430668087826,-0.10643300142214143,4.372679676283714e-05,-5.180455969184094,-10.096471977130255,0.004372775279314937,Superhost,corte_14_datas,959,0.552465714504489,quartos_faixa=2; capacidade_faixa=5–6; banheiros_faixa=2; tipo_agrupado=apartamento; bairro_modelo=meiapraia,associacao_condicional_nao_causal
is_professional,0.16808206448889815,0.03865113749925897,0.09232583499035057,0.24383829398744572,18.303369171956234,9.672211430803399,27.61379546236838,Anfitrião profissional,corte_14_datas,959,0.552465714504489,quartos_faixa=2; capacidade_faixa=5–6; banheiros_faixa=2; tipo_agrupado=apartamento; bairro_modelo=meiapraia,associacao_condicional_nao_causal
can_instant_book,0.02512914978931928,0.03128922505270549,-0.03619773131398348,0.08645603089262205,2.5447548307556516,-3.5550427253276498,9.030342699537563,Reserva instantânea,corte_14_datas,959,0.552465714504489,quartos_faixa=2; capacidade_faixa=5–6; banheiros_faixa=2; tipo_agrupado=apartamento; bairro_modelo=meiapraia,associacao_condicional_nao_causal
is_guest_favorite,-0.09605386810607305,0.029394587471610938,-0.15366725955043048,-0.038440476661715614,-9.158491984922055,-14.24426824486506,-3.7711018312272615,Preferido dos hóspedes,corte_14_datas,959,0.552465714504489,quartos_faixa=2; capacidade_faixa=5–6; banheiros_faixa=2; tipo_agrupado=apartamento; bairro_modelo=meiapraia,associacao_condicional_nao_causal
comodidade_piscina,0.1994197720959474,0.050681928872240996,0.10008319150635506,0.2987563526855398,22.0694271759465,10.526286273355641,34.818110274784914,Com piscina,corte_14_datas,959,0.552465714504489,quartos_faixa=2; capacidade_faixa=5–6; banheiros_faixa=2; tipo_agrupado=apartamento; bairro_modelo=meiapraia,associacao_condicional_nao_causal
comodidade_elevador,0.0017979470083555951,0.027458586147835817,-0.052020881841402605,0.055616775858113796,0.17995642841915324,-5.069095668497015,5.719246442167181,Com elevador,corte_14_datas,959,0.552465714504489,quartos_faixa=2; capacidade_faixa=5–6; banheiros_faixa=2; tipo_agrupado=apartamento; bairro_modelo=meiapraia,associacao_condicional_nao_causal
comodidade_churrasqueira,0.056226342990860254,0.02906616693544683,-0.0007433442026155285,0.11319603018433604,5.783709065249167,-0.07430679907581476,11.985143611671074,Com churrasqueira,corte_14_datas,959,0.552465714504489,quartos_faixa=2; capacidade_faixa=5–6; banheiros_faixa=2; tipo_agrupado=apartamento; bairro_modelo=meiapraia,associacao_condicional_nao_causal
comodidade_vista_praia,0.14539167087370286,0.0262111122296982,0.09401789090349438,0.19676545084391134,15.649244597986694,9.857940031938774,21.745845336227333,Com menção a vista para praia/mar,corte_14_datas,959,0.552465714504489,quartos_faixa=2; capacidade_faixa=5–6; banheiros_faixa=2; tipo_agrupado=apartamento; bairro_modelo=meiapraia,associacao_condicional_nao_causal
comodidade_estacionamento,0.05006062257336444,0.04374798497900771,-0.03568542798549068,0.13580667313221956,5.133482906699037,-3.5056209943217564,14.546042391161022,Com estacionamento,corte_14_datas,959,0.552465714504489,quartos_faixa=2; capacidade_faixa=5–6; banheiros_faixa=2; tipo_agrupado=apartamento; bairro_modelo=meiapraia,associacao_condicional_nao_causal
quartos_faixa_0 (studio),0.00304203606803362,0.1274168395188284,-0.24669496938887003,0.2527790415249373,0.30466677551488086,-21.862099830170205,28.75987395463426,quartos faixa 0 (studio),corte_14_datas,959,0.552465714504489,quartos_faixa=2; capacidade_faixa=5–6; banheiros_faixa=2; tipo_agrupado=apartamento; bairro_modelo=meiapraia,associacao_condicional_nao_causal
quartos_faixa_1,-0.0016669860636249582,0.06907265252900592,-0.13704938502047656,0.13371541289322667,-0.16655974140837873,-12.807283507206508,14.306747108739692,quartos faixa 1,corte_14_datas,959,0.552465714504489,quartos_faixa=2; capacidade_faixa=5–6; banheiros_faixa=2; tipo_agrupado=apartamento; bairro_modelo=meiapraia,associacao_condicional_nao_causal
quartos_faixa_3,0.2086081733352364,0.03793858283844371,0.13424855097188673,0.2829677956985861,23.1962188312112,14.36770463621681,32.70624240106924,quartos faixa 3,corte_14_datas,959,0.552465714504489,quartos_faixa=2; capacidade_faixa=5–6; banheiros_faixa=2; tipo_agrupado=apartamento; bairro_modelo=meiapraia,associacao_condicional_nao_causal
quartos_faixa_4+,0.5323879548475111,0.06622524607358284,0.4025864725432887,0.6621894371517335,70.2994130053449,49.568825560052815,93.9033081350271,quartos faixa 4+,corte_14_datas,959,0.552465714504489,quartos_faixa=2; capacidade_faixa=5–6; banheiros_faixa=2; tipo_agrupado=apartamento; bairro_modelo=meiapraia,associacao_condicional_nao_causal
capacidade_faixa_1–2,-0.33025956190988487,0.0863479892752414,-0.499501620889358,-0.16101750293041173,-28.12628475696769,-39.316698273851706,-14.872282886833252,capacidade faixa 1–2,corte_14_datas,959,0.552465714504489,quartos_faixa=2; capacidade_faixa=5–6; banheiros_faixa=2; tipo_agrupado=apartamento; bairro_modelo=meiapraia,associacao_condicional_nao_causal
capacidade_faixa_3–4,-0.09881401510408987,0.0499499827855773,-0.19671598136382137,-0.0009120488443583596,-9.408882184721428,-17.857610011916776,-0.0911633054227688,capacidade faixa 3–4,corte_14_datas,959,0.552465714504489,quartos_faixa=2; capacidade_faixa=5–6; banheiros_faixa=2; tipo_agrupado=apartamento; bairro_modelo=meiapraia,associacao_condicional_nao_causal
capacidade_faixa_7+,0.005705786860333958,0.03474510741243713,-0.06239462366804281,0.07380619738871073,0.5722095865997425,-6.048794006788725,7.659813774629121,capacidade faixa 7+,corte_14_datas,959,0.552465714504489,quartos_faixa=2; capacidade_faixa=5–6; banheiros_faixa=2; tipo_agrupado=apartamento; bairro_modelo=meiapraia,associacao_condicional_nao_causal
banheiros_faixa_3,0.19940640178199834,0.035155444061896655,0.1305017314206809,0.2683110721433158,22.067795080292417,13.939991267242538,30.77538825516947,banheiros faixa 3,corte_14_datas,959,0.552465714504489,quartos_faixa=2; capacidade_faixa=5–6; banheiros_faixa=2; tipo_agrupado=apartamento; bairro_modelo=meiapraia,associacao_condicional_nao_causal
banheiros_faixa_4+,0.36689099152338345,0.061515123489252116,0.2463213494844493,0.4874606335623176,44.3240585082391,27.93106133005284,62.81764293779444,banheiros faixa 4+,corte_14_datas,959,0.552465714504489,quartos_faixa=2; capacidade_faixa=5–6; banheiros_faixa=2; tipo_agrupado=apartamento; bairro_modelo=meiapraia,associacao_condicional_nao_causal
banheiros_faixa_até 1,-0.14862166796837886,0.040793234931618814,-0.22857640843435173,-0.06866692750240598,-13.810486423924123,-20.43345006732924,-6.636240269727936,banheiros faixa até 1,corte_14_datas,959,0.552465714504489,quartos_faixa=2; capacidade_faixa=5–6; banheiros_faixa=2; tipo_agrupado=apartamento; bairro_modelo=meiapraia,associacao_condicional_nao_causal
tipo_agrupado_casa,0.04565551827395593,0.06460699553886727,-0.08097419298222393,0.1722852295301358,4.6713775076355795,-7.778250917930969,18.801664232111044,tipo agrupado casa,corte_14_datas,959,0.552465714504489,quartos_faixa=2; capacidade_faixa=5–6; banheiros_faixa=2; tipo_agrupado=apartamento; bairro_modelo=meiapraia,associacao_condicional_nao_causal
tipo_agrupado_outros,-0.42613813163844894,0.1139227510681559,-0.6494267237320345,-0.20284953954486337,-34.69738676792021,-47.76548609839357,-18.359893173860794,tipo agrupado outros,corte_14_datas,959,0.552465714504489,quartos_faixa=2; capacidade_faixa=5–6; banheiros_faixa=2; tipo_agrupado=apartamento; bairro_modelo=meiapraia,associacao_condicional_nao_causal
bairro_modelo_centro,-0.03613683745995963,0.0381994190808077,-0.11100769885834272,0.038734023938423456,-3.5491696413624845,-10.506814105109989,3.9493966367092126,bairro modelo centro,corte_14_datas,959,0.552465714504489,quartos_faixa=2; capacidade_faixa=5–6; banheiros_faixa=2; tipo_agrupado=apartamento; bairro_modelo=meiapraia,associacao_condicional_nao_causal
bairro_modelo_morretes,-0.11794955811211338,0.0466249301160165,-0.20933442113950573,-0.02656469508472105,-11.125911874812033,-18.88760667087326,-2.6214957308212186,bairro modelo morretes,corte_14_datas,959,0.552465714504489,quartos_faixa=2; capacidade_faixa=5–6; banheiros_faixa=2; tipo_agrupado=apartamento; bairro_modelo=meiapraia,associacao_condicional_nao_causal
bairro_modelo_outros_bairros,-0.03632078078863876,0.05525873667631466,-0.1446279046742155,0.07198634309693797,-3.566909496538494,-13.465577624656353,7.464066770017172,bairro modelo outros bairros,corte_14_datas,959,0.552465714504489,quartos_faixa=2; capacidade_faixa=5–6; banheiros_faixa=2; tipo_agrupado=apartamento; bairro_modelo=meiapraia,associacao_condicional_nao_causal
intercepto,6.431428667696836,0.12259325299658462,6.19114589182353,6.671711443570142,62006.06037160267,48740.54454886387,78874.60543303628,intercepto,corte_30_datas,859,0.5797211877162307,quartos_faixa=2; capacidade_faixa=5–6; banheiros_faixa=2; tipo_agrupado=apartamento; bairro_modelo=meiapraia,associacao_condicional_nao_causal
reviews_log2,-0.036117756790099105,0.010911054459918548,-0.057503423531539456,-0.014732090048658754,-3.5473292773530054,-5.588134183911384,-1.4624103748404977,Dobro em (reviews + 1),corte_30_datas,859,0.5797211877162307,quartos_faixa=2; capacidade_faixa=5–6; banheiros_faixa=2; tipo_agrupado=apartamento; bairro_modelo=meiapraia,associacao_condicional_nao_causal
avaliacao_centrada,0.3279376316736866,0.09566480923215975,0.1404346055786535,0.5154406577687197,38.81023959664423,15.07738229159418,67.43761661221961,+1 ponto na avaliação (entre avaliados),corte_30_datas,859,0.5797211877162307,quartos_faixa=2; capacidade_faixa=5–6; banheiros_faixa=2; tipo_agrupado=apartamento; bairro_modelo=meiapraia,associacao_condicional_nao_causal
possui_avaliacao,-0.22061244559646034,0.0938087522197473,-0.40447759994716503,-0.03674729124575565,-19.797255066390072,-33.26746693948523,-3.608030448169018,Possui avaliação,corte_30_datas,859,0.5797211877162307,quartos_faixa=2; capacidade_faixa=5–6; banheiros_faixa=2; tipo_agrupado=apartamento; bairro_modelo=meiapraia,associacao_condicional_nao_causal
taxa_limpeza_100,0.01371293932082946,0.01635381048721923,-0.01834052923412023,0.04576640787577915,1.380739292492618,-1.8173365246519457,4.682985118579472,+R$ 100 na taxa de limpeza,corte_30_datas,859,0.5797211877162307,quartos_faixa=2; capacidade_faixa=5–6; banheiros_faixa=2; tipo_agrupado=apartamento; bairro_modelo=meiapraia,associacao_condicional_nao_causal
is_superhost,-0.05886748158759373,0.027648051108757694,-0.1130576617607588,-0.004677301414428653,-5.716829656062336,-10.690083903888942,-0.46663798745808044,Superhost,corte_30_datas,859,0.5797211877162307,quartos_faixa=2; capacidade_faixa=5–6; banheiros_faixa=2; tipo_agrupado=apartamento; bairro_modelo=meiapraia,associacao_condicional_nao_causal
is_professional,0.15453169452960988,0.0405467386721019,0.07506008673229016,0.23400330232692962,16.71112685139518,7.794891936688927,26.364866518190418,Anfitrião profissional,corte_30_datas,859,0.5797211877162307,quartos_faixa=2; capacidade_faixa=5–6; banheiros_faixa=2; tipo_agrupado=apartamento; bairro_modelo=meiapraia,associacao_condicional_nao_causal
can_instant_book,0.03497649680758984,0.033838970273432564,-0.03134788492833798,0.10130087854351766,3.5595368716379543,-3.0861634206172583,10.660954674759687,Reserva instantânea,corte_30_datas,859,0.5797211877162307,quartos_faixa=2; capacidade_faixa=5–6; banheiros_faixa=2; tipo_agrupado=apartamento; bairro_modelo=meiapraia,associacao_condicional_nao_causal
is_guest_favorite,-0.07567503132644644,0.029282938871205075,-0.13306959151400838,-0.0182804711388845,-7.288255826399732,-12.459583071256992,-1.8114396838237043,Preferido dos hóspedes,corte_30_datas,859,0.5797211877162307,quartos_faixa=2; capacidade_faixa=5–6; banheiros_faixa=2; tipo_agrupado=apartamento; bairro_modelo=meiapraia,associacao_condicional_nao_causal
comodidade_piscina,0.20534627661262195,0.05068115167929769,0.10601121932119847,0.3046813339040454,22.795020178780334,11.18343504632534,35.61927614868582,Com piscina,corte_30_datas,859,0.5797211877162307,quartos_faixa=2; capacidade_faixa=5–6; banheiros_faixa=2; tipo_agrupado=apartamento; bairro_modelo=meiapraia,associacao_condicional_nao_causal
comodidade_elevador,0.002730572972146676,0.027668780465181918,-0.05150023673960988,0.05696138268390323,0.27343043820474994,-5.01965748939194,5.861492873880737,Com elevador,corte_30_datas,859,0.5797211877162307,quartos_faixa=2; capacidade_faixa=5–6; banheiros_faixa=2; tipo_agrupado=apartamento; bairro_modelo=meiapraia,associacao_condicional_nao_causal
comodidade_churrasqueira,0.04447312652989609,0.030349459692424106,-0.015011814467255163,0.10395806752704734,4.5476880741240215,-1.4899698900938951,10.955392760002804,Com churrasqueira,corte_30_datas,859,0.5797211877162307,quartos_faixa=2; capacidade_faixa=5–6; banheiros_faixa=2; tipo_agrupado=apartamento; bairro_modelo=meiapraia,associacao_condicional_nao_causal
comodidade_vista_praia,0.16634020812557343,0.026859727099889597,0.11369514300978982,0.21898527324135703,18.09748106137555,12.041050783940697,24.481294449275545,Com menção a vista para praia/mar,corte_30_datas,859,0.5797211877162307,quartos_faixa=2; capacidade_faixa=5–6; banheiros_faixa=2; tipo_agrupado=apartamento; bairro_modelo=meiapraia,associacao_condicional_nao_causal
comodidade_estacionamento,0.06197896122056987,0.04377311145722452,-0.023816337235590193,0.1477742596767299,6.393996049441028,-2.353496644273448,15.925117708832136,Com estacionamento,corte_30_datas,859,0.5797211877162307,quartos_faixa=2; capacidade_faixa=5–6; banheiros_faixa=2; tipo_agrupado=apartamento; bairro_modelo=meiapraia,associacao_condicional_nao_causal
quartos_faixa_0 (studio),-0.018984894789643606,0.12886504052057182,-0.2715603742099644,0.23359058463067717,-1.8805816724592836,-23.781073449584422,26.312724262349775,quartos faixa 0 (studio),corte_30_datas,859,0.5797211877162307,quartos_faixa=2; capacidade_faixa=5–6; banheiros_faixa=2; tipo_agrupado=apartamento; bairro_modelo=meiapraia,associacao_condicional_nao_causal
quartos_faixa_1,-0.0025159964909615973,0.06962082180803485,-0.1389728072347099,0.1339408142527867,-0.2512834024597751,-12.974830731347522,14.33251490888439,quartos faixa 1,corte_30_datas,859,0.5797211877162307,quartos_faixa=2; capacidade_faixa=5–6; banheiros_faixa=2; tipo_agrupado=apartamento; bairro_modelo=meiapraia,associacao_condicional_nao_causal
quartos_faixa_3,0.226219928722033,0.039079966133521334,0.14962319510033117,0.30281666234373483,25.385139289132262,16.13965403623969,35.36662636905613,quartos faixa 3,corte_30_datas,859,0.5797211877162307,quartos_faixa=2; capacidade_faixa=5–6; banheiros_faixa=2; tipo_agrupado=apartamento; bairro_modelo=meiapraia,associacao_condicional_nao_causal
quartos_faixa_4+,0.529643014097004,0.0701047407305534,0.3922377222651193,0.6670483059288886,69.83259219764106,48.028956736762,94.8477514697451,quartos faixa 4+,corte_30_datas,859,0.5797211877162307,quartos_faixa=2; capacidade_faixa=5–6; banheiros_faixa=2; tipo_agrupado=apartamento; bairro_modelo=meiapraia,associacao_condicional_nao_causal
capacidade_faixa_1–2,-0.352294919882125,0.08668597336646858,-0.5221994276804034,-0.18239041208384663,-29.6927258732483,-40.67856200419923,-16.672404409951742,capacidade faixa 1–2,corte_30_datas,859,0.5797211877162307,quartos_faixa=2; capacidade_faixa=5–6; banheiros_faixa=2; tipo_agrupado=apartamento; bairro_modelo=meiapraia,associacao_condicional_nao_causal
capacidade_faixa_3–4,-0.10726301642679288,0.05116445459883632,-0.20754534744051206,-0.006980685413073701,-10.171062294536751,-18.742360732203057,-0.6956377024615221,capacidade faixa 3–4,corte_30_datas,859,0.5797211877162307,quartos_faixa=2; capacidade_faixa=5–6; banheiros_faixa=2; tipo_agrupado=apartamento; bairro_modelo=meiapraia,associacao_condicional_nao_causal
capacidade_faixa_7+,0.0007111200115497551,0.03490255309864415,-0.06769788406179278,0.06912012408489229,0.07113729173304027,-6.545722880212369,7.1564922173103,capacidade faixa 7+,corte_30_datas,859,0.5797211877162307,quartos_faixa=2; capacidade_faixa=5–6; banheiros_faixa=2; tipo_agrupado=apartamento; bairro_modelo=meiapraia,associacao_condicional_nao_causal
banheiros_faixa_3,0.17061337152495137,0.034392705691834835,0.1032036683689551,0.23802307468094763,18.603210658058522,10.87171967054131,26.87384682225095,banheiros faixa 3,corte_30_datas,859,0.5797211877162307,quartos_faixa=2; capacidade_faixa=5–6; banheiros_faixa=2; tipo_agrupado=apartamento; bairro_modelo=meiapraia,associacao_condicional_nao_causal
banheiros_faixa_4+,0.38959677316763053,0.062239077080049096,0.2676081820907343,0.5115853642445267,47.63853556520583,30.683499833154475,66.79333819240583,banheiros faixa 4+,corte_30_datas,859,0.5797211877162307,quartos_faixa=2; capacidade_faixa=5–6; banheiros_faixa=2; tipo_agrupado=apartamento; bairro_modelo=meiapraia,associacao_condicional_nao_causal
banheiros_faixa_até 1,-0.1282996128326992,0.04055509585561138,-0.20778760070969748,-0.04881162495570089,-12.041019673131254,-18.762043276785324,-4.763948624379797,banheiros faixa até 1,corte_30_datas,859,0.5797211877162307,quartos_faixa=2; capacidade_faixa=5–6; banheiros_faixa=2; tipo_agrupado=apartamento; bairro_modelo=meiapraia,associacao_condicional_nao_causal
tipo_agrupado_casa,0.06458079042040372,0.06508268418275664,-0.0629812705777993,0.19214285141860676,6.671175485460402,-6.1038940277437845,21.184361818071572,tipo agrupado casa,corte_30_datas,859,0.5797211877162307,quartos_faixa=2; capacidade_faixa=5–6; banheiros_faixa=2; tipo_agrupado=apartamento; bairro_modelo=meiapraia,associacao_condicional_nao_causal
tipo_agrupado_outros,-0.42828021563438456,0.1124147341684434,-0.6486130946045336,-0.2079473366642355,-34.83712073623777,-47.72296928230787,-18.775018862985814,tipo agrupado outros,corte_30_datas,859,0.5797211877162307,quartos_faixa=2; capacidade_faixa=5–6; banheiros_faixa=2; tipo_agrupado=apartamento; bairro_modelo=meiapraia,associacao_condicional_nao_causal
bairro_modelo_centro,-0.04747029703235012,0.03753458806171767,-0.12103808963331676,0.026097495568616527,-4.636120138566628,-11.399978847302169,2.6441017045849877,bairro modelo centro,corte_30_datas,859,0.5797211877162307,quartos_faixa=2; capacidade_faixa=5–6; banheiros_faixa=2; tipo_agrupado=apartamento; bairro_modelo=meiapraia,associacao_condicional_nao_causal
bairro_modelo_morretes,-0.10247238853381599,0.04760025932069275,-0.19576889680237378,-0.009175880265258202,-9.739692839695127,-17.779777371290287,-0.9133910344359129,bairro modelo morretes,corte_30_datas,859,0.5797211877162307,quartos_faixa=2; capacidade_faixa=5–6; banheiros_faixa=2; tipo_agrupado=apartamento; bairro_modelo=meiapraia,associacao_condicional_nao_causal
bairro_modelo_outros_bairros,-0.03347709298852619,0.05498493881209421,-0.14124757306023084,0.07429338708317845,-3.292293617692585,-13.172567624529732,7.71227730521645,bairro modelo outros bairros,corte_30_datas,859,0.5797211877162307,quartos_faixa=2; capacidade_faixa=5–6; banheiros_faixa=2; tipo_agrupado=apartamento; bairro_modelo=meiapraia,associacao_condicional_nao_causal
intercepto,6.404652196552869,0.10961372542248413,6.1898092947248,6.619495098380938,60365.146223991396,48675.30802590514,74856.65441921758,intercepto,corte_14_datas_diagnostico_p1_p99,939,0.523181486344908,quartos_faixa=2; capacidade_faixa=5–6; banheiros_faixa=2; tipo_agrupado=apartamento; bairro_modelo=meiapraia,associacao_condicional_nao_causal
reviews_log2,-0.031583685654004594,0.010390296892345165,-0.05194866756300112,-0.01121870374500807,-3.1090130795208633,-5.062240054209075,-1.115600875932917,Dobro em (reviews + 1),corte_14_datas_diagnostico_p1_p99,939,0.523181486344908,quartos_faixa=2; capacidade_faixa=5–6; banheiros_faixa=2; tipo_agrupado=apartamento; bairro_modelo=meiapraia,associacao_condicional_nao_causal
avaliacao_centrada,0.3877532742013977,0.09436069076852,0.2028063202950985,0.5727002281076969,47.36661479735242,22.483521954923667,77.30482280566282,+1 ponto na avaliação (entre avaliados),corte_14_datas_diagnostico_p1_p99,939,0.523181486344908,quartos_faixa=2; capacidade_faixa=5–6; banheiros_faixa=2; tipo_agrupado=apartamento; bairro_modelo=meiapraia,associacao_condicional_nao_causal
possui_avaliacao,-0.20961158181629866,0.08723891091498716,-0.3805998472096735,-0.038623316422923826,-18.91008472154489,-31.65486801379909,-3.7886946916035633,Possui avaliação,corte_14_datas_diagnostico_p1_p99,939,0.523181486344908,quartos_faixa=2; capacidade_faixa=5–6; banheiros_faixa=2; tipo_agrupado=apartamento; bairro_modelo=meiapraia,associacao_condicional_nao_causal
taxa_limpeza_100,0.017770704549291107,0.014433612702580593,-0.010519176347766855,0.04606058544634907,1.7929543014855571,-1.0464043299677601,4.713785034921824,+R$ 100 na taxa de limpeza,corte_14_datas_diagnostico_p1_p99,939,0.523181486344908,quartos_faixa=2; capacidade_faixa=5–6; banheiros_faixa=2; tipo_agrupado=apartamento; bairro_modelo=meiapraia,associacao_condicional_nao_causal
is_superhost,-0.040771954545974126,0.025941618047171808,-0.09161752591843086,0.010073616826482619,-3.9951960422750656,-8.754592715273665,1.012452650907589,Superhost,corte_14_datas_diagnostico_p1_p99,939,0.523181486344908,quartos_faixa=2; capacidade_faixa=5–6; banheiros_faixa=2; tipo_agrupado=apartamento; bairro_modelo=meiapraia,associacao_condicional_nao_causal
is_professional,0.18408383066450903,0.03627545846842933,0.11298393206638756,0.2551837292626305,20.21165931052514,11.961394292154868,29.069873821697627,Anfitrião profissional,corte_14_datas_diagnostico_p1_p99,939,0.523181486344908,quartos_faixa=2; capacidade_faixa=5–6; banheiros_faixa=2; tipo_agrupado=apartamento; bairro_modelo=meiapraia,associacao_condicional_nao_causal
can_instant_book,8.244673446360269e-05,0.027375948059218513,-0.05357441146160468,0.05373930493053188,0.008245013328902125,-5.21645914384871,5.520947838666181,Reserva instantânea,corte_14_datas_diagnostico_p1_p99,939,0.523181486344908,quartos_faixa=2; capacidade_faixa=5–6; banheiros_faixa=2; tipo_agrupado=apartamento; bairro_modelo=meiapraia,associacao_condicional_nao_causal
is_guest_favorite,-0.07654996045615675,0.02750502484786003,-0.1304598091579624,-0.022640111754351093,-7.369336556924686,-12.230823258893967,-2.2385747651008217,Preferido dos hóspedes,corte_14_datas_diagnostico_p1_p99,939,0.523181486344908,quartos_faixa=2; capacidade_faixa=5–6; banheiros_faixa=2; tipo_agrupado=apartamento; bairro_modelo=meiapraia,associacao_condicional_nao_causal
comodidade_piscina,0.16407857309369253,0.04493372679091288,0.0760084685835033,0.25214867760388177,17.830689467357626,7.897171148063012,28.67873395216546,Com piscina,corte_14_datas_diagnostico_p1_p99,939,0.523181486344908,quartos_faixa=2; capacidade_faixa=5–6; banheiros_faixa=2; tipo_agrupado=apartamento; bairro_modelo=meiapraia,associacao_condicional_nao_causal
comodidade_elevador,-0.008537816248334294,0.025588234735237757,-0.058690756329400295,0.04161512383273171,-0.850147260053293,-5.700165966035917,4.249317075281226,Com elevador,corte_14_datas_diagnostico_p1_p99,939,0.523181486344908,quartos_faixa=2; capacidade_faixa=5–6; banheiros_faixa=2; tipo_agrupado=apartamento; bairro_modelo=meiapraia,associacao_condicional_nao_causal
comodidade_churrasqueira,0.05849689000033707,0.028314785249330454,0.0029999109116493825,0.11399386908902476,6.024168833817656,0.30044151473640385,12.074525367371347,Com churrasqueira,corte_14_datas_diagnostico_p1_p99,939,0.523181486344908,quartos_faixa=2; capacidade_faixa=5–6; banheiros_faixa=2; tipo_agrupado=apartamento; bairro_modelo=meiapraia,associacao_condicional_nao_causal
comodidade_vista_praia,0.129932956452139,0.02534291835153565,0.08026083648312914,0.17960507642114887,13.87520347887659,8.356966531819564,19.674464710559775,Com menção a vista para praia/mar,corte_14_datas_diagnostico_p1_p99,939,0.523181486344908,quartos_faixa=2; capacidade_faixa=5–6; banheiros_faixa=2; tipo_agrupado=apartamento; bairro_modelo=meiapraia,associacao_condicional_nao_causal
comodidade_estacionamento,0.032450622044495114,0.043634290917779865,-0.05307258815435342,0.11797383224334365,3.2982885301703755,-5.168882617396785,12.521466663851,Com estacionamento,corte_14_datas_diagnostico_p1_p99,939,0.523181486344908,quartos_faixa=2; capacidade_faixa=5–6; banheiros_faixa=2; tipo_agrupado=apartamento; bairro_modelo=meiapraia,associacao_condicional_nao_causal
quartos_faixa_0 (studio),-0.0020143949373411033,0.12685222324734644,-0.25064475250214013,0.2466159626274579,-0.2012367405504438,-22.170118884093647,27.968757054675013,quartos faixa 0 (studio),corte_14_datas_diagnostico_p1_p99,939,0.523181486344908,quartos_faixa=2; capacidade_faixa=5–6; banheiros_faixa=2; tipo_agrupado=apartamento; bairro_modelo=meiapraia,associacao_condicional_nao_causal
quartos_faixa_1,-0.028697060359763178,0.06669551677234224,-0.15942027323355398,0.10202615251402762,-2.8289210400005436,-14.736205724721554,10.741243296841468,quartos faixa 1,corte_14_datas_diagnostico_p1_p99,939,0.523181486344908,quartos_faixa=2; capacidade_faixa=5–6; banheiros_faixa=2; tipo_agrupado=apartamento; bairro_modelo=meiapraia,associacao_condicional_nao_causal
quartos_faixa_3,0.20645898580009941,0.03454279874350529,0.13875510026282906,0.2741628713373698,22.93173137170452,14.884271427058982,31.542903047783998,quartos faixa 3,corte_14_datas_diagnostico_p1_p99,939,0.523181486344908,quartos_faixa=2; capacidade_faixa=5–6; banheiros_faixa=2; tipo_agrupado=apartamento; bairro_modelo=meiapraia,associacao_condicional_nao_causal
quartos_faixa_4+,0.49447594847892373,0.061255495556237514,0.3744151771886982,0.6145367197691493,63.96387586852113,45.41407512166104,84.87998886858175,quartos faixa 4+,corte_14_datas_diagnostico_p1_p99,939,0.523181486344908,quartos_faixa=2; capacidade_faixa=5–6; banheiros_faixa=2; tipo_agrupado=apartamento; bairro_modelo=meiapraia,associacao_condicional_nao_causal
capacidade_faixa_1–2,-0.24316883541566953,0.08092638777005304,-0.4017845554449735,-0.08455311538636556,-21.586088785811235,-33.08751105236373,-8.107715486140384,capacidade faixa 1–2,corte_14_datas_diagnostico_p1_p99,939,0.523181486344908,quartos_faixa=2; capacidade_faixa=5–6; banheiros_faixa=2; tipo_agrupado=apartamento; bairro_modelo=meiapraia,associacao_condicional_nao_causal
capacidade_faixa_3–4,-0.06911328806203762,0.04901446611111591,-0.1651816416398248,0.026955065515749554,-6.6779048703614645,-15.226029472816968,2.732163955830438,capacidade faixa 3–4,corte_14_datas_diagnostico_p1_p99,939,0.523181486344908,quartos_faixa=2; capacidade_faixa=5–6; banheiros_faixa=2; tipo_agrupado=apartamento; bairro_modelo=meiapraia,associacao_condicional_nao_causal
capacidade_faixa_7+,0.02458876634082384,0.031907097167557456,-0.037949144107588775,0.08712667678923645,2.4893563120844657,-3.723809823809178,9.103487976023715,capacidade faixa 7+,corte_14_datas_diagnostico_p1_p99,939,0.523181486344908,quartos_faixa=2; capacidade_faixa=5–6; banheiros_faixa=2; tipo_agrupado=apartamento; bairro_modelo=meiapraia,associacao_condicional_nao_causal
banheiros_faixa_3,0.18979819284369265,0.0335753228653016,0.12399056002770152,0.25560582565968376,20.900558705705325,13.200518485115003,29.124365249914597,banheiros faixa 3,corte_14_datas_diagnostico_p1_p99,939,0.523181486344908,quartos_faixa=2; capacidade_faixa=5–6; banheiros_faixa=2; tipo_agrupado=apartamento; bairro_modelo=meiapraia,associacao_condicional_nao_causal
banheiros_faixa_4+,0.2999760631805507,0.05740678269858428,0.18745876909132553,0.4124933572697759,34.982649663615625,20.61805164770007,51.05795079021915,banheiros faixa 4+,corte_14_datas_diagnostico_p1_p99,939,0.523181486344908,quartos_faixa=2; capacidade_faixa=5–6; banheiros_faixa=2; tipo_agrupado=apartamento; bairro_modelo=meiapraia,associacao_condicional_nao_causal
banheiros_faixa_até 1,-0.13431282722695387,0.03879688340499035,-0.21035471870073497,-0.058270935753172784,-12.568348819168525,-18.970323243038298,-5.66056864406994,banheiros faixa até 1,corte_14_datas_diagnostico_p1_p99,939,0.523181486344908,quartos_faixa=2; capacidade_faixa=5–6; banheiros_faixa=2; tipo_agrupado=apartamento; bairro_modelo=meiapraia,associacao_condicional_nao_causal
tipo_agrupado_casa,0.017978991214357545,0.062067668715352534,-0.10367363946773342,0.1396316218964485,1.8141586246764954,-9.848053021052245,14.985014121452972,tipo agrupado casa,corte_14_datas_diagnostico_p1_p99,939,0.523181486344908,quartos_faixa=2; capacidade_faixa=5–6; banheiros_faixa=2; tipo_agrupado=apartamento; bairro_modelo=meiapraia,associacao_condicional_nao_causal
tipo_agrupado_outros,-0.25428021780143706,0.10927535197755292,-0.4684599076774408,-0.04010052792543334,-22.452553015328846,-37.40344289251213,-3.930714216213211,tipo agrupado outros,corte_14_datas_diagnostico_p1_p99,939,0.523181486344908,quartos_faixa=2; capacidade_faixa=5–6; banheiros_faixa=2; tipo_agrupado=apartamento; bairro_modelo=meiapraia,associacao_condicional_nao_causal
bairro_modelo_centro,-0.016178560102159012,0.033606251251120614,-0.08204681255435542,0.049689692350037395,-1.6048390131640111,-7.8771167387864995,5.094492952128632,bairro modelo centro,corte_14_datas_diagnostico_p1_p99,939,0.523181486344908,quartos_faixa=2; capacidade_faixa=5–6; banheiros_faixa=2; tipo_agrupado=apartamento; bairro_modelo=meiapraia,associacao_condicional_nao_causal
bairro_modelo_morretes,-0.10503561750818598,0.04598260695950423,-0.19516152714881427,-0.014909707867557687,-9.970754415871548,-17.729824134652326,-1.4799108523449458,bairro modelo morretes,corte_14_datas_diagnostico_p1_p99,939,0.523181486344908,quartos_faixa=2; capacidade_faixa=5–6; banheiros_faixa=2; tipo_agrupado=apartamento; bairro_modelo=meiapraia,associacao_condicional_nao_causal
bairro_modelo_outros_bairros,-0.027126980367436618,0.04958030762843233,-0.12430438331916399,0.07005042258429076,-2.6762348396847666,-11.688900428723128,7.256226125180347,bairro modelo outros bairros,corte_14_datas_diagnostico_p1_p99,939,0.523181486344908,quartos_faixa=2; capacidade_faixa=5–6; banheiros_faixa=2; tipo_agrupado=apartamento; bairro_modelo=meiapraia,associacao_condicional_nao_causal
