dimensao,categoria,anuncios_totais,anuncios_elegiveis,diaria_mediana_anunciada,diaria_p25_anunciada,diaria_p75_anunciada,premio_fim_semana_mediano_percentual,cobertura_elegivel_percentual,potencial_bruto_anualizado_base,status_amostra,ranking,periodo_estadias,unidade_diaria,fonte
tipo_anuncio,apartamento,3710,879,553.0,400.0,750.0,0.0,23.692722371967655,111014.75000000001,ranqueavel,1,2025-01-07 a 2025-04-20,R$ por noite anunciada,"Airbnb, preços anunciados; capturas de 2025-01-06 a 2025-01-20"
tipo_anuncio,casa,443,64,500.0,349.25,959.5,0.0,14.446952595936793,100375.00000000001,ranqueavel,2,2025-01-07 a 2025-04-20,R$ por noite anunciada,"Airbnb, preços anunciados; capturas de 2025-01-06 a 2025-01-20"
tipo_anuncio,outros,288,16,165.0,150.0,235.0,0.0,5.555555555555555,33123.75,exploratorio,,2025-01-07 a 2025-04-20,R$ por noite anunciada,"Airbnb, preços anunciados; capturas de 2025-01-06 a 2025-01-20"
numero_quartos,4+,432,89,1080.0,849.5,1657.0,0.0,20.60185185185185,216810.00000000003,ranqueavel,1,2025-01-07 a 2025-04-20,R$ por noite anunciada,"Airbnb, preços anunciados; capturas de 2025-01-06 a 2025-01-20"
numero_quartos,3,1922,385,650.0,500.0,822.0,0.0,20.031217481789803,130487.50000000001,ranqueavel,2,2025-01-07 a 2025-04-20,R$ por noite anunciada,"Airbnb, preços anunciados; capturas de 2025-01-06 a 2025-01-20"
numero_quartos,2,1482,340,450.0,350.0,590.0,0.0,22.941970310391362,90337.50000000001,ranqueavel,3,2025-01-07 a 2025-04-20,R$ por noite anunciada,"Airbnb, preços anunciados; capturas de 2025-01-06 a 2025-01-20"
numero_quartos,1,549,137,390.0,311.0,509.0,0.0,24.95446265938069,78292.5,ranqueavel,4,2025-01-07 a 2025-04-20,R$ por noite anunciada,"Airbnb, preços anunciados; capturas de 2025-01-06 a 2025-01-20"
numero_quartos,0 (studio),56,8,435.0,325.6,542.5,0.0,14.285714285714285,87326.25,nao_ranqueavel,,2025-01-07 a 2025-04-20,R$ por noite anunciada,"Airbnb, preços anunciados; capturas de 2025-01-06 a 2025-01-20"
capacidade_hospedes,7+,2000,397,700.0,500.0,937.3333,0.0,19.85,140525.0,ranqueavel,1,2025-01-07 a 2025-04-20,R$ por noite anunciada,"Airbnb, preços anunciados; capturas de 2025-01-06 a 2025-01-20"
capacidade_hospedes,5–6,1595,372,520.5,394.5,680.0,0.0,23.322884012539184,104490.37500000001,ranqueavel,2,2025-01-07 a 2025-04-20,R$ por noite anunciada,"Airbnb, preços anunciados; capturas de 2025-01-06 a 2025-01-20"
capacidade_hospedes,3–4,581,127,479.0,350.0,557.0,0.0,21.858864027538726,96159.25000000001,ranqueavel,3,2025-01-07 a 2025-04-20,R$ por noite anunciada,"Airbnb, preços anunciados; capturas de 2025-01-06 a 2025-01-20"
capacidade_hospedes,1–2,265,63,372.0,196.5,427.0,0.0,23.77358490566038,74679.0,ranqueavel,4,2025-01-07 a 2025-04-20,R$ por noite anunciada,"Airbnb, preços anunciados; capturas de 2025-01-06 a 2025-01-20"
perfil_combinado,apartamento | 4+ quarto(s) | 7+ hóspede(s),363,70,987.5,800.0,1596.5,0.0,19.28374655647383,198240.62500000003,ranqueavel,1,2025-01-07 a 2025-04-20,R$ por noite anunciada,"Airbnb, preços anunciados; capturas de 2025-01-06 a 2025-01-20"
perfil_combinado,apartamento | 3 quarto(s) | 5–6 hóspede(s),518,114,659.625,500.0,817.75,0.0,22.00772200772201,132419.71875,ranqueavel,2,2025-01-07 a 2025-04-20,R$ por noite anunciada,"Airbnb, preços anunciados; capturas de 2025-01-06 a 2025-01-20"
perfil_combinado,apartamento | 3 quarto(s) | 7+ hóspede(s),1228,259,650.0,500.0,847.5,0.0,21.091205211726386,130487.50000000001,ranqueavel,3,2025-01-07 a 2025-04-20,R$ por noite anunciada,"Airbnb, preços anunciados; capturas de 2025-01-06 a 2025-01-20"
perfil_combinado,apartamento | 2 quarto(s) | 3–4 hóspede(s),261,50,500.0,350.0,593.0,0.0,19.157088122605366,100375.00000000001,ranqueavel,4,2025-01-07 a 2025-04-20,R$ por noite anunciada,"Airbnb, preços anunciados; capturas de 2025-01-06 a 2025-01-20"
perfil_combinado,apartamento | 1 quarto(s) | 3–4 hóspede(s),158,65,480.0,372.0,524.3333,1.3752455795677854,41.139240506329116,96360.00000000001,ranqueavel,5,2025-01-07 a 2025-04-20,R$ por noite anunciada,"Airbnb, preços anunciados; capturas de 2025-01-06 a 2025-01-20"
perfil_combinado,apartamento | 2 quarto(s) | 7+ hóspede(s),143,31,464.16666,312.5,546.5,0.0,21.678321678321677,93181.45699500002,ranqueavel,6,2025-01-07 a 2025-04-20,R$ por noite anunciada,"Airbnb, preços anunciados; capturas de 2025-01-06 a 2025-01-20"
perfil_combinado,apartamento | 2 quarto(s) | 5–6 hóspede(s),907,241,450.0,360.0,598.0,0.0,26.57111356119074,90337.50000000001,ranqueavel,7,2025-01-07 a 2025-04-20,R$ por noite anunciada,"Airbnb, preços anunciados; capturas de 2025-01-06 a 2025-01-20"
perfil_combinado,apartamento | 1 quarto(s) | 1–2 hóspede(s),53,34,385.0,372.0,444.25,4.420319264069262,64.15094339622641,77288.75,ranqueavel,8,2025-01-07 a 2025-04-20,R$ por noite anunciada,"Airbnb, preços anunciados; capturas de 2025-01-06 a 2025-01-20"
perfil_combinado,casa | 4+ quarto(s) | 7+ hóspede(s),61,18,1325.0,1000.0,1700.0,0.0,29.508196721311474,265993.75,exploratorio,,2025-01-07 a 2025-04-20,R$ por noite anunciada,"Airbnb, preços anunciados; capturas de 2025-01-06 a 2025-01-20"
perfil_combinado,casa | 3 quarto(s) | 7+ hóspede(s),121,10,500.0,460.0,700.0,0.0,8.264462809917356,100375.00000000001,exploratorio,,2025-01-07 a 2025-04-20,R$ por noite anunciada,"Airbnb, preços anunciados; capturas de 2025-01-06 a 2025-01-20"
perfil_combinado,casa | 1 quarto(s) | 1–2 hóspede(s),40,13,370.0,200.0,400.0,0.0,32.5,74277.5,exploratorio,,2025-01-07 a 2025-04-20,R$ por noite anunciada,"Airbnb, preços anunciados; capturas de 2025-01-06 a 2025-01-20"
perfil_combinado,outros | 1 quarto(s) | 1–2 hóspede(s),147,14,165.0,150.0,217.5,0.0,9.523809523809524,33123.75,exploratorio,,2025-01-07 a 2025-04-20,R$ por noite anunciada,"Airbnb, preços anunciados; capturas de 2025-01-06 a 2025-01-20"
perfil_combinado,apartamento | 4+ quarto(s) | 5–6 hóspede(s),4,1,5500.0,5500.0,5500.0,0.0,25.0,1104125.0,nao_ranqueavel,,2025-01-07 a 2025-04-20,R$ por noite anunciada,"Airbnb, preços anunciados; capturas de 2025-01-06 a 2025-01-20"
perfil_combinado,casa | 1 quarto(s) | 5–6 hóspede(s),12,1,793.0,793.0,793.0,0.0,8.333333333333332,159194.75,nao_ranqueavel,,2025-01-07 a 2025-04-20,R$ por noite anunciada,"Airbnb, preços anunciados; capturas de 2025-01-06 a 2025-01-20"
perfil_combinado,apartamento | 1 quarto(s) | 5–6 hóspede(s),15,5,588.16665,400.0,662.875,-1.9422968131246443,33.33333333333333,118074.45498750001,nao_ranqueavel,,2025-01-07 a 2025-04-20,R$ por noite anunciada,"Airbnb, preços anunciados; capturas de 2025-01-06 a 2025-01-20"
perfil_combinado,apartamento | 0 (studio) quarto(s) | 7+ hóspede(s),12,2,490.4,410.6,570.2,0.0,16.666666666666664,98447.8,nao_ranqueavel,,2025-01-07 a 2025-04-20,R$ por noite anunciada,"Airbnb, preços anunciados; capturas de 2025-01-06 a 2025-01-20"
perfil_combinado,casa | 3 quarto(s) | 5–6 hóspede(s),24,2,490.0,435.0,545.0,2.083333333333337,8.333333333333332,98367.50000000001,nao_ranqueavel,,2025-01-07 a 2025-04-20,R$ por noite anunciada,"Airbnb, preços anunciados; capturas de 2025-01-06 a 2025-01-20"
perfil_combinado,apartamento | 0 (studio) quarto(s) | 3–4 hóspede(s),10,4,435.0,362.5,505.0,-0.16393442622950616,40.0,87326.25,nao_ranqueavel,,2025-01-07 a 2025-04-20,R$ por noite anunciada,"Airbnb, preços anunciados; capturas de 2025-01-06 a 2025-01-20"
perfil_combinado,casa | 2 quarto(s) | 7+ hóspede(s),37,7,406.0,355.5,473.0,0.0,18.91891891891892,81504.5,nao_ranqueavel,,2025-01-07 a 2025-04-20,R$ por noite anunciada,"Airbnb, preços anunciados; capturas de 2025-01-06 a 2025-01-20"
perfil_combinado,apartamento | 0 (studio) quarto(s) | 5–6 hóspede(s),13,2,369.0,283.5,454.5,0.0,15.384615384615385,74076.75,nao_ranqueavel,,2025-01-07 a 2025-04-20,R$ por noite anunciada,"Airbnb, preços anunciados; capturas de 2025-01-06 a 2025-01-20"
perfil_combinado,outros | 1 quarto(s) | 3–4 hóspede(s),62,1,330.0,330.0,330.0,0.0,1.6129032258064515,66247.5,nao_ranqueavel,,2025-01-07 a 2025-04-20,R$ por noite anunciada,"Airbnb, preços anunciados; capturas de 2025-01-06 a 2025-01-20"
perfil_combinado,casa | 2 quarto(s) | 3–4 hóspede(s),31,3,299.0,299.0,299.5,0.0,9.67741935483871,60024.25000000001,nao_ranqueavel,,2025-01-07 a 2025-04-20,R$ por noite anunciada,"Airbnb, preços anunciados; capturas de 2025-01-06 a 2025-01-20"
perfil_combinado,casa | 2 quarto(s) | 5–6 hóspede(s),65,6,275.0,250.0,450.0,0.0,9.230769230769232,55206.25000000001,nao_ranqueavel,,2025-01-07 a 2025-04-20,R$ por noite anunciada,"Airbnb, preços anunciados; capturas de 2025-01-06 a 2025-01-20"
perfil_combinado,casa | 1 quarto(s) | 3–4 hóspede(s),34,4,197.5,192.5,350.0,0.0,11.76470588235294,39648.125,nao_ranqueavel,,2025-01-07 a 2025-04-20,R$ por noite anunciada,"Airbnb, preços anunciados; capturas de 2025-01-06 a 2025-01-20"
perfil_combinado,apartamento | 2 quarto(s) | 1–2 hóspede(s),1,1,150.0,150.0,150.0,0.0,100.0,30112.500000000004,nao_ranqueavel,,2025-01-07 a 2025-04-20,R$ por noite anunciada,"Airbnb, preços anunciados; capturas de 2025-01-06 a 2025-01-20"
perfil_combinado,outros | 2 quarto(s) | 1–2 hóspede(s),6,1,100.0,100.0,100.0,0.0,16.666666666666664,20075.0,nao_ranqueavel,,2025-01-07 a 2025-04-20,R$ por noite anunciada,"Airbnb, preços anunciados; capturas de 2025-01-06 a 2025-01-20"
perfil_combinado,apartamento | 0 (studio) quarto(s) | 1–2 hóspede(s),3,0,,,,,0.0,,nao_ranqueavel,,2025-01-07 a 2025-04-20,R$ por noite anunciada,"Airbnb, preços anunciados; capturas de 2025-01-06 a 2025-01-20"
perfil_combinado,apartamento | 1 quarto(s) | 7+ hóspede(s),7,0,,,,,0.0,,nao_ranqueavel,,2025-01-07 a 2025-04-20,R$ por noite anunciada,"Airbnb, preços anunciados; capturas de 2025-01-06 a 2025-01-20"
perfil_combinado,apartamento | 3 quarto(s) | 1–2 hóspede(s),2,0,,,,,0.0,,nao_ranqueavel,,2025-01-07 a 2025-04-20,R$ por noite anunciada,"Airbnb, preços anunciados; capturas de 2025-01-06 a 2025-01-20"
perfil_combinado,apartamento | 3 quarto(s) | 3–4 hóspede(s),11,0,,,,,0.0,,nao_ranqueavel,,2025-01-07 a 2025-04-20,R$ por noite anunciada,"Airbnb, preços anunciados; capturas de 2025-01-06 a 2025-01-20"
perfil_combinado,apartamento | 4+ quarto(s) | 1–2 hóspede(s),1,0,,,,,0.0,,nao_ranqueavel,,2025-01-07 a 2025-04-20,R$ por noite anunciada,"Airbnb, preços anunciados; capturas de 2025-01-06 a 2025-01-20"
perfil_combinado,casa | 0 (studio) quarto(s) | 1–2 hóspede(s),3,0,,,,,0.0,,nao_ranqueavel,,2025-01-07 a 2025-04-20,R$ por noite anunciada,"Airbnb, preços anunciados; capturas de 2025-01-06 a 2025-01-20"
perfil_combinado,casa | 0 (studio) quarto(s) | 3–4 hóspede(s),1,0,,,,,0.0,,nao_ranqueavel,,2025-01-07 a 2025-04-20,R$ por noite anunciada,"Airbnb, preços anunciados; capturas de 2025-01-06 a 2025-01-20"
perfil_combinado,casa | 0 (studio) quarto(s) | 5–6 hóspede(s),2,0,,,,,0.0,,nao_ranqueavel,,2025-01-07 a 2025-04-20,R$ por noite anunciada,"Airbnb, preços anunciados; capturas de 2025-01-06 a 2025-01-20"
perfil_combinado,casa | 0 (studio) quarto(s) | 7+ hóspede(s),4,0,,,,,0.0,,nao_ranqueavel,,2025-01-07 a 2025-04-20,R$ por noite anunciada,"Airbnb, preços anunciados; capturas de 2025-01-06 a 2025-01-20"
perfil_combinado,casa | 1 quarto(s) | 7+ hóspede(s),4,0,,,,,0.0,,nao_ranqueavel,,2025-01-07 a 2025-04-20,R$ por noite anunciada,"Airbnb, preços anunciados; capturas de 2025-01-06 a 2025-01-20"
perfil_combinado,casa | 2 quarto(s) | 1–2 hóspede(s),2,0,,,,,0.0,,nao_ranqueavel,,2025-01-07 a 2025-04-20,R$ por noite anunciada,"Airbnb, preços anunciados; capturas de 2025-01-06 a 2025-01-20"
perfil_combinado,casa | 3 quarto(s) | 3–4 hóspede(s),2,0,,,,,0.0,,nao_ranqueavel,,2025-01-07 a 2025-04-20,R$ por noite anunciada,"Airbnb, preços anunciados; capturas de 2025-01-06 a 2025-01-20"
perfil_combinado,outros | 0 (studio) quarto(s) | 1–2 hóspede(s),5,0,,,,,0.0,,nao_ranqueavel,,2025-01-07 a 2025-04-20,R$ por noite anunciada,"Airbnb, preços anunciados; capturas de 2025-01-06 a 2025-01-20"
perfil_combinado,outros | 0 (studio) quarto(s) | 3–4 hóspede(s),2,0,,,,,0.0,,nao_ranqueavel,,2025-01-07 a 2025-04-20,R$ por noite anunciada,"Airbnb, preços anunciados; capturas de 2025-01-06 a 2025-01-20"
perfil_combinado,outros | 0 (studio) quarto(s) | 7+ hóspede(s),1,0,,,,,0.0,,nao_ranqueavel,,2025-01-07 a 2025-04-20,R$ por noite anunciada,"Airbnb, preços anunciados; capturas de 2025-01-06 a 2025-01-20"
perfil_combinado,outros | 1 quarto(s) | 5–6 hóspede(s),14,0,,,,,0.0,,nao_ranqueavel,,2025-01-07 a 2025-04-20,R$ por noite anunciada,"Airbnb, preços anunciados; capturas de 2025-01-06 a 2025-01-20"
perfil_combinado,outros | 1 quarto(s) | 7+ hóspede(s),3,0,,,,,0.0,,nao_ranqueavel,,2025-01-07 a 2025-04-20,R$ por noite anunciada,"Airbnb, preços anunciados; capturas de 2025-01-06 a 2025-01-20"
perfil_combinado,outros | 2 quarto(s) | 3–4 hóspede(s),8,0,,,,,0.0,,nao_ranqueavel,,2025-01-07 a 2025-04-20,R$ por noite anunciada,"Airbnb, preços anunciados; capturas de 2025-01-06 a 2025-01-20"
perfil_combinado,outros | 2 quarto(s) | 5–6 hóspede(s),17,0,,,,,0.0,,nao_ranqueavel,,2025-01-07 a 2025-04-20,R$ por noite anunciada,"Airbnb, preços anunciados; capturas de 2025-01-06 a 2025-01-20"
perfil_combinado,outros | 2 quarto(s) | 7+ hóspede(s),4,0,,,,,0.0,,nao_ranqueavel,,2025-01-07 a 2025-04-20,R$ por noite anunciada,"Airbnb, preços anunciados; capturas de 2025-01-06 a 2025-01-20"
perfil_combinado,outros | 3 quarto(s) | 1–2 hóspede(s),1,0,,,,,0.0,,nao_ranqueavel,,2025-01-07 a 2025-04-20,R$ por noite anunciada,"Airbnb, preços anunciados; capturas de 2025-01-06 a 2025-01-20"
perfil_combinado,outros | 3 quarto(s) | 3–4 hóspede(s),1,0,,,,,0.0,,nao_ranqueavel,,2025-01-07 a 2025-04-20,R$ por noite anunciada,"Airbnb, preços anunciados; capturas de 2025-01-06 a 2025-01-20"
perfil_combinado,outros | 3 quarto(s) | 5–6 hóspede(s),4,0,,,,,0.0,,nao_ranqueavel,,2025-01-07 a 2025-04-20,R$ por noite anunciada,"Airbnb, preços anunciados; capturas de 2025-01-06 a 2025-01-20"
perfil_combinado,outros | 3 quarto(s) | 7+ hóspede(s),10,0,,,,,0.0,,nao_ranqueavel,,2025-01-07 a 2025-04-20,R$ por noite anunciada,"Airbnb, preços anunciados; capturas de 2025-01-06 a 2025-01-20"
perfil_combinado,outros | 4+ quarto(s) | 1–2 hóspede(s),1,0,,,,,0.0,,nao_ranqueavel,,2025-01-07 a 2025-04-20,R$ por noite anunciada,"Airbnb, preços anunciados; capturas de 2025-01-06 a 2025-01-20"
perfil_combinado,outros | 4+ quarto(s) | 7+ hóspede(s),2,0,,,,,0.0,,nao_ranqueavel,,2025-01-07 a 2025-04-20,R$ por noite anunciada,"Airbnb, preços anunciados; capturas de 2025-01-06 a 2025-01-20"
