dataset,coluna,metrica,valor,severidade,detalhe
bairros,suburb_key,chaves_com_rotulos_variantes_entre_fontes,6,atenção,"{'altosaobento': ['Alto Sao Bento', 'Alto São Bento'], 'centro': ['CENTRO', 'Centro'], 'jardimpraiamar': ['Jardim Praia Mar', 'Jardim Praiamar'], 'meiapraia': ['MEIA PRAIA', 'Meia Praia', 'Meia praia', 'meia praia'], 'sertaodotrombudo': ['Sertao do Trombudo', 'Sertão Do Trombudo', 'Sertão do Trombudo'], 'sertaozinho': ['Sertaozinho', 'Sertãozinho']}"
details,,colunas,35,informativo,
details,,duplicatas_exatas,0,atenção,
details,,linhas,4441,informativo,
details,,linhas_apos_snapshot,4441,informativo,
details,accuracy_rating,fora_escala_0_5,0,erro,
details,accuracy_rating,nulos,0,informativo,
details,accuracy_rating,nulos_percentual,0.0,informativo,
details,accuracy_rating,valor_zero_possivel_sem_avaliacao,1540,atenção,
details,accuracy_rating,valores_nao_interpretaveis,0,atenção,
details,accuracy_rating,valores_unicos,76,informativo,
details,ad_description,nulos,54,atenção,
details,ad_description,nulos_percentual,1.2159,informativo,
details,ad_description,valores_unicos,3981,informativo,
details,ad_name,nulos,0,informativo,
details,ad_name,nulos_percentual,0.0,informativo,
details,ad_name,valores_unicos,4201,informativo,
details,airbnb_listing_id,chave_ausente,0,erro,
details,airbnb_listing_id,entidades_com_multiplos_snapshots,0,atenção,
details,airbnb_listing_id,linhas_em_chaves_duplicadas,0,atenção,
details,airbnb_listing_id,nulos,0,informativo,
details,airbnb_listing_id,nulos_percentual,0.0,informativo,
details,airbnb_listing_id,valores_unicos,4441,informativo,
details,amenities,nulos,0,informativo,
details,amenities,nulos_percentual,0.0,informativo,
details,amenities,valores_unicos,3878,informativo,
details,aquisition_date,data_maxima,2025-01-13 03:01:31,informativo,
details,aquisition_date,data_minima,2025-01-13 01:54:03,informativo,
details,aquisition_date,nulos,0,informativo,
details,aquisition_date,nulos_percentual,0.0,informativo,
details,aquisition_date,valores_nao_interpretaveis,0,atenção,
details,aquisition_date,valores_unicos,2624,informativo,
details,can_instant_book,nulos,355,atenção,
details,can_instant_book,nulos_percentual,7.9937,informativo,
details,can_instant_book,valores_nao_interpretaveis,0,atenção,
details,can_instant_book,valores_unicos,2,informativo,
details,check_in,nulos,446,atenção,
details,check_in,nulos_percentual,10.0428,informativo,
details,check_in,valores_unicos,107,informativo,
details,check_out,nulos,842,atenção,
details,check_out,nulos_percentual,18.9597,informativo,
details,check_out,valores_unicos,19,informativo,
details,checkin_rating,fora_escala_0_5,0,erro,
details,checkin_rating,nulos,0,informativo,
details,checkin_rating,nulos_percentual,0.0,informativo,
details,checkin_rating,valor_zero_possivel_sem_avaliacao,1540,atenção,
details,checkin_rating,valores_nao_interpretaveis,0,atenção,
details,checkin_rating,valores_unicos,65,informativo,
details,cleaning_fee,nulos,0,informativo,
details,cleaning_fee,nulos_percentual,0.0,informativo,
details,cleaning_fee,outliers_iqr,22,atenção,limites: -200.0000 a 600.0000
details,cleaning_fee,valores_nao_interpretaveis,0,atenção,
details,cleaning_fee,valores_negativos,0,erro,
details,cleaning_fee,valores_unicos,139,informativo,
details,cleanliness_rating,fora_escala_0_5,0,erro,
details,cleanliness_rating,nulos,0,informativo,
details,cleanliness_rating,nulos_percentual,0.0,informativo,
details,cleanliness_rating,valor_zero_possivel_sem_avaliacao,1540,atenção,
details,cleanliness_rating,valores_nao_interpretaveis,0,atenção,
details,cleanliness_rating,valores_unicos,93,informativo,
details,communication_rating,fora_escala_0_5,0,erro,
details,communication_rating,nulos,0,informativo,
details,communication_rating,nulos_percentual,0.0,informativo,
details,communication_rating,valor_zero_possivel_sem_avaliacao,1540,atenção,
details,communication_rating,valores_nao_interpretaveis,0,atenção,
details,communication_rating,valores_unicos,67,informativo,
details,guest_satisfaction_overall,fora_escala_0_100,0,erro,
details,guest_satisfaction_overall,nulos,0,informativo,
details,guest_satisfaction_overall,nulos_percentual,0.0,informativo,
details,guest_satisfaction_overall,valores_nao_interpretaveis,0,atenção,
details,guest_satisfaction_overall,valores_unicos,6,informativo,
details,house_rules,nulos,0,informativo,
details,house_rules,nulos_percentual,0.0,informativo,
details,house_rules,valores_unicos,587,informativo,
details,is_guest_favorite,nulos,0,informativo,
details,is_guest_favorite,nulos_percentual,0.0,informativo,
details,is_guest_favorite,valores_nao_interpretaveis,0,atenção,
details,is_guest_favorite,valores_unicos,2,informativo,
details,is_new_listing,nulos,874,atenção,
details,is_new_listing,nulos_percentual,19.6803,informativo,
details,is_new_listing,valores_nao_interpretaveis,0,atenção,
details,is_new_listing,valores_unicos,2,informativo,
details,is_professional,nulos,355,atenção,
details,is_professional,nulos_percentual,7.9937,informativo,
details,is_professional,valores_nao_interpretaveis,0,atenção,
details,is_professional,valores_unicos,2,informativo,
details,latitude,latitude_fora_limite,0,erro,
details,latitude,latitude_maxima,0.0,informativo,
details,latitude,latitude_minima,0.0,informativo,
details,latitude,nulos,0,informativo,
details,latitude,nulos_percentual,0.0,informativo,
details,latitude,valores_nao_interpretaveis,0,atenção,
details,latitude,valores_unicos,1,informativo,
details,latitude + longitude,pares_coordenadas_zeradas,4441,erro,
details,listing_type,nulos,0,informativo,
details,listing_type,nulos_percentual,0.0,informativo,
details,listing_type,valores_unicos,4,informativo,
details,location_rating,fora_escala_0_5,0,erro,
details,location_rating,nulos,0,informativo,
details,location_rating,nulos_percentual,0.0,informativo,
details,location_rating,valor_zero_possivel_sem_avaliacao,1540,atenção,
details,location_rating,valores_nao_interpretaveis,0,atenção,
details,location_rating,valores_unicos,80,informativo,
details,longitude,longitude_fora_limite,0,erro,
details,longitude,longitude_maxima,0.0,informativo,
details,longitude,longitude_minima,0.0,informativo,
details,longitude,nulos,0,informativo,
details,longitude,nulos_percentual,0.0,informativo,
details,longitude,valores_nao_interpretaveis,0,atenção,
details,longitude,valores_unicos,1,informativo,
details,min_nights,nulos,0,informativo,
details,min_nights,nulos_percentual,0.0,informativo,
details,min_nights,valores_nao_interpretaveis,0,atenção,
details,min_nights,valores_negativos,0,erro,
details,min_nights,valores_unicos,1,informativo,
details,number_of_bathrooms,nulos,0,informativo,
details,number_of_bathrooms,nulos_percentual,0.0,informativo,
details,number_of_bathrooms,valores_nao_interpretaveis,0,atenção,
details,number_of_bathrooms,valores_negativos,0,erro,
details,number_of_bathrooms,valores_unicos,15,informativo,
details,number_of_bedrooms,nulos,0,informativo,
details,number_of_bedrooms,nulos_percentual,0.0,informativo,
details,number_of_bedrooms,outliers_iqr,117,atenção,limites: 0.5000 a 4.5000
details,number_of_bedrooms,valores_nao_interpretaveis,0,atenção,
details,number_of_bedrooms,valores_negativos,0,erro,
details,number_of_bedrooms,valores_unicos,13,informativo,
details,number_of_beds,nulos,0,informativo,
details,number_of_beds,nulos_percentual,0.0,informativo,
details,number_of_beds,valores_nao_interpretaveis,0,atenção,
details,number_of_beds,valores_negativos,0,erro,
details,number_of_beds,valores_unicos,23,informativo,
details,number_of_guests,nulos,0,informativo,
details,number_of_guests,nulos_percentual,0.0,informativo,
details,number_of_guests,valores_nao_interpretaveis,0,atenção,
details,number_of_guests,valores_negativos,0,erro,
details,number_of_guests,valores_unicos,16,informativo,
details,number_of_reviews,nulos,0,informativo,
details,number_of_reviews,nulos_percentual,0.0,informativo,
details,number_of_reviews,valores_nao_interpretaveis,0,atenção,
details,number_of_reviews,valores_unicos,132,informativo,
details,owner_id,nulos,0,informativo,
details,owner_id,nulos_percentual,0.0,informativo,
details,owner_id,valores_unicos,3057,informativo,
details,picture_count,nulos,0,informativo,
details,picture_count,nulos_percentual,0.0,informativo,
details,picture_count,valores_nao_interpretaveis,0,atenção,
details,picture_count,valores_unicos,97,informativo,
details,safety_features,nulos,0,informativo,
details,safety_features,nulos_percentual,0.0,informativo,
details,safety_features,valores_unicos,67,informativo,
details,space,nulos,2527,atenção,
details,space,nulos_percentual,56.9016,informativo,
details,space,valores_unicos,1853,informativo,
details,star_rating,fora_escala_0_5,0,erro,
details,star_rating,nulos,0,informativo,
details,star_rating,nulos_percentual,0.0,informativo,
details,star_rating,valor_zero_possivel_sem_avaliacao,1540,atenção,
details,star_rating,valores_nao_interpretaveis,0,atenção,
details,star_rating,valores_unicos,83,informativo,
details,url,nulos,0,informativo,
details,url,nulos_percentual,0.0,informativo,
details,url,valores_unicos,4441,informativo,
details,value_rating,fora_escala_0_5,0,erro,
details,value_rating,nulos,0,informativo,
details,value_rating,nulos_percentual,0.0,informativo,
details,value_rating,valor_zero_possivel_sem_avaliacao,1540,atenção,
details,value_rating,valores_nao_interpretaveis,0,atenção,
details,value_rating,valores_unicos,90,informativo,
hosts,,colunas,11,informativo,
hosts,,duplicatas_exatas,0,atenção,
hosts,,linhas,4440,informativo,
hosts,,linhas_apos_snapshot,3057,informativo,
hosts,host_snapshot_date,data_maxima,2025-01-13 03:01:31,informativo,
hosts,host_snapshot_date,data_minima,2025-01-13 01:54:03,informativo,
hosts,host_snapshot_date,nulos,0,informativo,
hosts,host_snapshot_date,nulos_percentual,0.0,informativo,
hosts,host_snapshot_date,valores_nao_interpretaveis,0,atenção,
hosts,host_snapshot_date,valores_unicos,2624,informativo,
hosts,is_superhost,nulos,0,informativo,
hosts,is_superhost,nulos_percentual,0.0,informativo,
hosts,is_superhost,valores_nao_interpretaveis,0,atenção,
hosts,is_superhost,valores_unicos,2,informativo,
hosts,is_verified,nulos,0,informativo,
hosts,is_verified,nulos_percentual,0.0,informativo,
hosts,is_verified,valores_nao_interpretaveis,0,atenção,
hosts,is_verified,valores_unicos,2,informativo,
hosts,months_host,nulos,0,informativo,
hosts,months_host,nulos_percentual,0.0,informativo,
hosts,months_host,valores_nao_interpretaveis,0,atenção,
hosts,months_host,valores_unicos,12,informativo,
hosts,number_of_reviews_host,nulos,0,informativo,
hosts,number_of_reviews_host,nulos_percentual,0.0,informativo,
hosts,number_of_reviews_host,valores_nao_interpretaveis,0,atenção,
hosts,number_of_reviews_host,valores_unicos,223,informativo,
hosts,owner,nulos,0,informativo,
hosts,owner,nulos_percentual,0.0,informativo,
hosts,owner,valores_unicos,1725,informativo,
hosts,owner_id,chave_ausente,0,erro,
hosts,owner_id,entidades_com_multiplos_snapshots,509,atenção,
hosts,owner_id,linhas_em_chaves_duplicadas,1892,atenção,
hosts,owner_id,nulos,0,informativo,
hosts,owner_id,nulos_percentual,0.0,informativo,
hosts,owner_id,valores_unicos,3057,informativo,
hosts,response_rate_shown,nulos,4440,atenção,
hosts,response_rate_shown,nulos_percentual,100.0,informativo,
hosts,response_rate_shown,valores_nao_interpretaveis,0,atenção,
hosts,response_rate_shown,valores_unicos,0,informativo,
hosts,response_time_shown,nulos,4440,atenção,
hosts,response_time_shown,nulos_percentual,100.0,informativo,
hosts,response_time_shown,valores_unicos,0,informativo,
hosts,star_rating_host,fora_escala_0_5,0,erro,
hosts,star_rating_host,nulos,0,informativo,
hosts,star_rating_host,nulos_percentual,0.0,informativo,
hosts,star_rating_host,valor_zero_possivel_sem_avaliacao,854,atenção,
hosts,star_rating_host,valores_nao_interpretaveis,0,atenção,
hosts,star_rating_host,valores_unicos,93,informativo,
hosts,years_host,nulos,0,informativo,
hosts,years_host,nulos_percentual,0.0,informativo,
hosts,years_host,valores_nao_interpretaveis,0,atenção,
hosts,years_host,valores_unicos,14,informativo,
joins,base_airbnb,coordenadas_details_mesh_divergentes,0,atenção,"tolerância absoluta de 0,001 grau"
joins,base_airbnb,linhas_base_airbnb,4441,informativo,
joins,base_airbnb,pares_coordenadas_comparaveis,0,informativo,
joins,base_airbnb,sem_dados_host,0,atenção,
joins,base_airbnb,sem_localizacao_mesh,5,atenção,
joins,base_airbnb,sem_precos,3442,atenção,
joins,details_hosts,cobertura_percentual,100.0,informativo,
joins,details_hosts,ids_correspondentes,3057,informativo,
joins,details_hosts,ids_esquerda,3057,informativo,
joins,details_hosts,ids_orfaos_direita,0,atenção,
joins,details_hosts,ids_orfaos_esquerda,0,atenção,
joins,details_mesh,cobertura_percentual,100.0,informativo,
joins,details_mesh,ids_correspondentes,4441,informativo,
joins,details_mesh,ids_esquerda,4441,informativo,
joins,details_mesh,ids_orfaos_direita,0,atenção,
joins,details_mesh,ids_orfaos_esquerda,0,atenção,
joins,details_precos,cobertura_percentual,22.4949,informativo,
joins,details_precos,ids_correspondentes,999,informativo,
joins,details_precos,ids_esquerda,4441,informativo,
joins,details_precos,ids_orfaos_direita,6,atenção,
joins,details_precos,ids_orfaos_esquerda,3442,atenção,
mesh,,colunas,9,informativo,
mesh,,duplicatas_exatas,0,atenção,
mesh,,linhas,4441,informativo,
mesh,,linhas_apos_snapshot,4441,informativo,
mesh,airbnb_listing_id,chave_ausente,0,erro,
mesh,airbnb_listing_id,entidades_com_multiplos_snapshots,0,atenção,
mesh,airbnb_listing_id,linhas_em_chaves_duplicadas,0,atenção,
mesh,airbnb_listing_id,nulos,0,informativo,
mesh,airbnb_listing_id,nulos_percentual,0.0,informativo,
mesh,airbnb_listing_id,valores_unicos,4441,informativo,
mesh,aquisition_date,data_maxima,2026-05-04 19:18:49.603000,informativo,
mesh,aquisition_date,data_minima,2021-10-25 14:40:16.352000,informativo,
mesh,aquisition_date,nulos,0,informativo,
mesh,aquisition_date,nulos_percentual,0.0,informativo,
mesh,aquisition_date,valores_nao_interpretaveis,0,atenção,
mesh,aquisition_date,valores_unicos,2362,informativo,
mesh,city,cidade_diferente_de_itapema,0,atenção,
mesh,city,nulos,0,informativo,
mesh,city,nulos_percentual,0.0,informativo,
mesh,city,valores_unicos,1,informativo,
mesh,country,nulos,0,informativo,
mesh,country,nulos_percentual,0.0,informativo,
mesh,country,valores_unicos,1,informativo,
mesh,latitude,latitude_fora_limite,0,erro,
mesh,latitude,latitude_maxima,-27.05589395136928,informativo,
mesh,latitude,latitude_minima,-27.1490001678,informativo,
mesh,latitude,nulos,0,informativo,
mesh,latitude,nulos_percentual,0.0,informativo,
mesh,latitude,valores_nao_interpretaveis,0,atenção,
mesh,latitude,valores_unicos,3349,informativo,
mesh,latitude + longitude,pares_coordenadas_zeradas,0,erro,
mesh,longitude,longitude_fora_limite,0,erro,
mesh,longitude,longitude_maxima,-48.58594772482967,informativo,
mesh,longitude,longitude_minima,-48.66191482543945,informativo,
mesh,longitude,nulos,0,informativo,
mesh,longitude,nulos_percentual,0.0,informativo,
mesh,longitude,valores_nao_interpretaveis,0,atenção,
mesh,longitude,valores_unicos,3142,informativo,
mesh,state,nulos,0,informativo,
mesh,state,nulos_percentual,0.0,informativo,
mesh,state,valores_unicos,1,informativo,
mesh,suburb,bairros_originais_distintos,16,informativo,
mesh,suburb,nulos,0,informativo,
mesh,suburb,nulos_percentual,0.0,informativo,
mesh,suburb,valores_unicos,16,informativo,
mesh,suburb_key,bairros_chave_distintos,15,informativo,
mesh,suburb_key,chaves_bairro_com_variantes,0,atenção,{}
mesh,suburb_key,nulos,5,atenção,
mesh,suburb_key,nulos_percentual,0.1126,informativo,
mesh,suburb_key,valores_unicos,15,informativo,
precos,,colunas,4,informativo,
precos,,diarias_com_multiplas_capturas,33588,atenção,
precos,,duplicatas_exatas,0,atenção,
precos,,linhas,118839,informativo,
precos,,linhas_apos_deduplicacao_listing_data,59040,informativo,
precos,airbnb_listing_id,nulos,0,informativo,
precos,airbnb_listing_id,nulos_percentual,0.0,informativo,
precos,airbnb_listing_id,valores_unicos,1005,informativo,
precos,airbnb_listing_id + date,chave_ausente,0,erro,
precos,airbnb_listing_id + date,linhas_em_chaves_duplicadas,93387,atenção,
precos,aquisition_date,captura_apos_data_estadia,69,atenção,
precos,aquisition_date,data_maxima,2025-01-20 15:07:47,informativo,
precos,aquisition_date,data_minima,2025-01-06 13:22:07,informativo,
precos,aquisition_date,nulos,0,informativo,
precos,aquisition_date,nulos_percentual,0.0,informativo,
precos,aquisition_date,valores_nao_interpretaveis,0,atenção,
precos,aquisition_date,valores_unicos,4172,informativo,
precos,date,data_maxima,2025-04-20 00:00:00,informativo,
precos,date,data_minima,2025-01-06 00:00:00,informativo,
precos,date,nulos,0,informativo,
precos,date,nulos_percentual,0.0,informativo,
precos,date,valores_nao_interpretaveis,0,atenção,
precos,date,valores_unicos,105,informativo,
precos,price,nulos,0,informativo,
precos,price,nulos_percentual,0.0,informativo,
precos,price,outliers_iqr,6404,atenção,limites: -138.0000 a 1430.0000
precos,price,precos_invalidos_sinalizados,0,erro,
precos,price,valores_nao_interpretaveis,0,atenção,
precos,price,valores_negativos,0,erro,
precos,price,valores_unicos,4396,informativo,
vendas,,colunas,23,informativo,
vendas,,duplicatas_exatas,35,atenção,
vendas,,linhas,8329,informativo,
vendas,,linhas_apos_snapshot,8293,informativo,
vendas,advertiser_name,nulos,0,informativo,
vendas,advertiser_name,nulos_percentual,0.0,informativo,
vendas,advertiser_name,valores_unicos,471,informativo,
vendas,amenities,nulos,0,informativo,
vendas,amenities,nulos_percentual,0.0,informativo,
vendas,amenities,valores_unicos,5037,informativo,
vendas,aquisition_date,data_maxima,2025-01-11 00:00:00,informativo,
vendas,aquisition_date,data_minima,2025-01-11 00:00:00,informativo,
vendas,aquisition_date,nulos,0,informativo,
vendas,aquisition_date,nulos_percentual,0.0,informativo,
vendas,aquisition_date,valores_nao_interpretaveis,0,atenção,
vendas,aquisition_date,valores_unicos,1,informativo,
vendas,bathrooms,nulos,0,informativo,
vendas,bathrooms,nulos_percentual,0.0,informativo,
vendas,bathrooms,valores_nao_interpretaveis,0,atenção,
vendas,bathrooms,valores_negativos,0,erro,
vendas,bathrooms,valores_unicos,13,informativo,
vendas,bedrooms,nulos,0,informativo,
vendas,bedrooms,nulos_percentual,0.0,informativo,
vendas,bedrooms,valores_nao_interpretaveis,0,atenção,
vendas,bedrooms,valores_negativos,0,erro,
vendas,bedrooms,valores_unicos,10,informativo,
vendas,business_types,nulos,0,informativo,
vendas,business_types,nulos_percentual,0.0,informativo,
vendas,business_types,valores_unicos,2,informativo,
vendas,city,cidade_diferente_de_itapema,0,atenção,
vendas,city,nulos,0,informativo,
vendas,city,nulos_percentual,0.0,informativo,
vendas,city,valores_unicos,1,informativo,
vendas,link_url,nulos,0,informativo,
vendas,link_url,nulos_percentual,0.0,informativo,
vendas,link_url,valores_unicos,8293,informativo,
vendas,listing_id,chave_ausente,0,erro,
vendas,listing_id,entidades_com_multiplos_snapshots,36,atenção,
vendas,listing_id,linhas_em_chaves_duplicadas,72,atenção,
vendas,listing_id,nulos,0,informativo,
vendas,listing_id,nulos_percentual,0.0,informativo,
vendas,listing_id,valores_unicos,8293,informativo,
vendas,listing_title,nulos,0,informativo,
vendas,listing_title,nulos_percentual,0.0,informativo,
vendas,listing_title,valores_unicos,5874,informativo,
vendas,listing_type,nulos,0,informativo,
vendas,listing_type,nulos_percentual,0.0,informativo,
vendas,listing_type,valores_unicos,5,informativo,
vendas,monthly_condo_fee,nulos,2490,atenção,
vendas,monthly_condo_fee,nulos_percentual,29.8955,informativo,
vendas,monthly_condo_fee,valores_nao_interpretaveis,0,atenção,
vendas,monthly_condo_fee,valores_negativos,0,erro,
vendas,monthly_condo_fee,valores_unicos,409,informativo,
vendas,parking_spaces,nulos,0,informativo,
vendas,parking_spaces,nulos_percentual,0.0,informativo,
vendas,parking_spaces,valores_nao_interpretaveis,0,atenção,
vendas,parking_spaces,valores_negativos,0,erro,
vendas,parking_spaces,valores_unicos,14,informativo,
vendas,portal,nulos,0,informativo,
vendas,portal,nulos_percentual,0.0,informativo,
vendas,portal,valores_unicos,1,informativo,
vendas,property_type,nulos,0,informativo,
vendas,property_type,nulos_percentual,0.0,informativo,
vendas,property_type,valores_unicos,1,informativo,
vendas,rental_period,nulos,8327,atenção,
vendas,rental_period,nulos_percentual,99.976,informativo,
vendas,rental_period,valores_unicos,1,informativo,
vendas,rental_price,nulos,8327,atenção,
vendas,rental_price,nulos_percentual,99.976,informativo,
vendas,rental_price,valores_nao_interpretaveis,0,atenção,
vendas,rental_price,valores_negativos,0,erro,
vendas,rental_price,valores_unicos,1,informativo,
vendas,sale_price,nulos,0,informativo,
vendas,sale_price,nulos_percentual,0.0,informativo,
vendas,sale_price,outliers_iqr,616,atenção,limites: -2085000.0000 a 5875000.0000
vendas,sale_price,precos_venda_invalidos_sinalizados,0,erro,
vendas,sale_price,valores_nao_interpretaveis,0,atenção,
vendas,sale_price,valores_negativos,0,erro,
vendas,sale_price,valores_unicos,2748,informativo,
vendas,state,nulos,2,atenção,
vendas,state,nulos_percentual,0.024,informativo,
vendas,state,valores_unicos,1,informativo,
vendas,suburb,bairros_originais_distintos,25,informativo,
vendas,suburb,nulos,98,atenção,
vendas,suburb,nulos_percentual,1.1766,informativo,
vendas,suburb,valores_unicos,25,informativo,
vendas,suburb_key,bairros_chave_distintos,20,informativo,
vendas,suburb_key,chaves_bairro_com_variantes,3,atenção,"{'centro': 'CENTRO | Centro', 'meiapraia': 'MEIA PRAIA | Meia Praia | Meia praia | meia praia', 'sertaodotrombudo': 'Sertão Do Trombudo | Sertão do Trombudo'}"
vendas,suburb_key,nulos,98,atenção,
vendas,suburb_key,nulos_percentual,1.1766,informativo,
vendas,suburb_key,valores_unicos,20,informativo,
vendas,usable_area,nulos,0,informativo,
vendas,usable_area,nulos_percentual,0.0,informativo,
vendas,usable_area,outliers_iqr,339,atenção,limites: -57.5000 a 322.5000
vendas,usable_area,valores_nao_interpretaveis,0,atenção,
vendas,usable_area,valores_negativos,0,erro,
vendas,usable_area,valores_unicos,445,informativo,
vendas,yearly_iptu,nulos,2714,atenção,
vendas,yearly_iptu,nulos_percentual,32.5849,informativo,
vendas,yearly_iptu,valores_nao_interpretaveis,0,atenção,
vendas,yearly_iptu,valores_negativos,0,erro,
vendas,yearly_iptu,valores_unicos,507,informativo,
