segmento,rotulo,cenario,anuncios_airbnb,anuncios_vivareal,metrica_diaria,diaria_usada,metrica_preco,preco_compra_usado,ocupacao_assumida,custo_variavel_assumido,preparacao_assumida,receita_bruta_anual,custos_variaveis_anuais,custos_fixos_anuais,potencial_liquido_anual,itbi_estimado,cartorio_estimado,preparacao_estimada,investimento_total_estimado,retorno_liquido_estimado_percentual,payback_estimado_anos,ocupacao_equilibrio_percentual
centro_1q,Centro | 1 quarto,conservador,78,22,p25,376.25,p75,980000.0,0.4,0.4,0.08,54932.5,21973.0,7000.0,25959.5,14700.0,7159.85,78400.0,1080259.85,2.4030792220964243,41.61327644985459,8.495274503557395
centro_1q,Centro | 1 quarto,base,78,22,mediana,445.0,mediana,890000.0,0.55,0.3,0.05,89333.75,26800.125,7000.0,55533.625,13350.0,6914.39,44500.0,954764.39,5.816474261257272,17.19254577744565,6.156687702016315
centro_1q,Centro | 1 quarto,otimista,78,22,p75,523.999975,p25,652500.0,0.7,0.2,0.03,133881.9936125,26776.398722500002,7000.0,100105.59489,9787.5,6300.74,19575.0,688163.24,14.546780338048862,6.8743734129564,4.57492440523991
centro_2q,Centro | 2 quartos,conservador,64,89,p25,370.0,p75,1550000.0,0.4,0.4,0.08,54020.0,21608.0,7000.0,25412.0,23250.0,8509.880000000001,124000.0,1705759.88,1.4897759232090746,67.12418857232802,8.638775762063434
centro_2q,Centro | 2 quartos,base,64,89,mediana,568.5,mediana,1150000.0,0.55,0.3,0.05,114126.37500000001,34237.912500000006,7000.0,72888.46250000001,17250.0,7528.04,57500.0,1232278.04,5.9149364132140185,16.906352497145896,4.819219045553668
centro_2q,Centro | 2 quartos,otimista,64,89,p75,709.8750125,p25,889000.0,0.7,0.2,0.03,181373.06569375002,36274.613138750006,7000.0,138098.45255500003,13335.0,6914.39,26670.0,935919.39,14.755378938671207,6.777189553425694,3.3770174069517664
centro_3q,Centro | 3 quartos,conservador,43,437,p25,520.5,p75,2790000.0,0.4,0.4,0.08,75993.0,30397.2,8704.0,36891.8,41850.0,11578.130000000001,223200.0,3066628.13,1.2030085956330154,83.12492559322125,7.635791015839179
centro_3q,Centro | 3 quartos,base,43,437,mediana,750.0,mediana,2100000.0,0.55,0.3,0.05,150562.5,45168.75,8704.0,96689.75,31500.0,9859.91,105000.0,2246359.91,4.304285772265229,23.2326581669722,4.542204827136334
centro_3q,Centro | 3 quartos,otimista,43,437,p75,850.0,p25,1750000.0,0.7,0.2,0.03,217175.0,43435.0,8704.0,165036.0,26250.0,9000.8,52500.0,1837750.8,8.980325297641008,11.135454082745584,3.506849315068493
meiapraia_1q,Meia Praia | 1 quarto,conservador,20,58,p25,373.5,p75,1003755.25,0.4,0.4,0.08,54531.0,21812.4,9730.0,22988.6,15056.328749999999,7159.85,80300.42,1106271.84875,2.078024495152372,48.122628117849715,11.895374496463786
meiapraia_1q,Meia Praia | 1 quarto,base,20,58,mediana,441.0,mediana,877500.0,0.55,0.3,0.05,88530.75,26559.225,9730.0,52241.525,13162.5,6914.39,43875.0,941451.89,5.5490381988611235,18.021141036751892,8.635417637374584
meiapraia_1q,Meia Praia | 1 quarto,otimista,20,58,p75,523.25,p25,757000.0,0.7,0.2,0.03,133690.375,26738.075,9730.0,97222.3,11355.0,6546.2,22710.0,797611.2,12.189184404632233,8.203994351090232,6.368259495120722
meiapraia_2q,Meia Praia | 2 quartos,conservador,183,243,p25,365.0,p75,1290000.0,0.4,0.4,0.08,53290.0,21316.0,6980.0,24994.0,19350.0,7896.23,103200.0,1420446.23,1.759587900768338,56.83148875730175,8.732094827046975
meiapraia_2q,Meia Praia | 2 quartos,base,183,243,mediana,450.0,mediana,1080000.0,0.55,0.3,0.05,90337.50000000001,27101.250000000004,6980.0,56256.250000000015,16200.0,7405.3099999999995,54000.0,1157605.31,4.85970904884671,20.577363581824237,6.070884974994565
meiapraia_2q,Meia Praia | 2 quartos,otimista,183,243,p75,585.0,p25,912850.0,0.7,0.2,0.03,149467.5,29893.5,6980.0,112594.0,13692.75,6914.39,27385.5,960842.64,11.718255967491201,8.533693091994245,4.086172579323264
meiapraia_3q,Meia Praia | 3 quartos,conservador,312,1697,p25,500.0,p75,2399240.0,0.4,0.4,0.08,73000.0,29200.0,8700.0,35100.0,35988.6,10596.29,191939.2,2637764.0900000003,1.330672448422027,75.14997407407408,7.9452054794520555
meiapraia_3q,Meia Praia | 3 quartos,base,312,1697,mediana,650.0,mediana,1885000.0,0.55,0.3,0.05,130487.50000000001,39146.25,8700.0,82641.25000000001,28275.0,9368.99,94250.0,2016893.99,4.097451348942738,24.405414850332004,5.238597019418937
meiapraia_3q,Meia Praia | 3 quartos,otimista,312,1697,p75,820.5,p25,1579800.0,0.7,0.2,0.03,209637.75,41927.55,8700.0,159010.2,23697.0,8632.61,47394.0,1659523.61,9.581677479117035,10.436585891974225,3.631263930279732
meiapraia_4maisq,Meia Praia | 4+ quartos,conservador,62,1403,p25,827.375,p75,5463500.0,0.4,0.4,0.08,120796.75,48318.700000000004,14400.0,58078.04999999999,81952.5,18082.82,437080.0,6000615.32,0.967868241885567,103.31984837645206,7.947233679714065
meiapraia_4maisq,Meia Praia | 4+ quartos,base,62,1403,mediana,1125.0,mediana,3700000.0,0.55,0.3,0.05,225843.75000000003,67753.125,14400.0,143690.62500000003,55500.0,13787.27,185000.0,3954287.27,3.633793277745348,27.51945208673147,5.009784735812133
meiapraia_4maisq,Meia Praia | 4+ quartos,otimista,62,1403,p75,1710.25,p25,2800000.0,0.7,0.2,0.03,436968.875,87393.77500000001,14400.0,335175.1,42000.0,11578.130000000001,84000.0,2937578.13,11.409912695666753,8.764308953737912,2.8835005696916056
morretes_2q,Morretes | 2 quartos,conservador,47,1037,p25,350.0,p75,879740.0,0.4,0.4,0.08,51100.0,20440.0,4900.0,25760.0,13196.1,6914.39,70379.2,970229.69,2.655041405710848,37.664196040372666,6.392694063926941
morretes_2q,Morretes | 2 quartos,base,47,1037,mediana,458.0,mediana,790000.0,0.55,0.3,0.05,91943.50000000001,27583.050000000003,4900.0,59460.45000000001,11850.0,6668.93,39500.0,848018.93,7.0116889961406885,14.261898959728692,4.187354190345158
morretes_2q,Morretes | 2 quartos,otimista,47,1037,p75,532.5,p25,680000.0,0.7,0.2,0.03,136053.75,27210.75,4900.0,103943.0,10200.0,6423.47,20400.0,717023.47,14.496457138285864,6.898237206930721,3.151328059682295
